Instrument Serial Num,Reading #,Date,Time,Location,Sample ID,Method Name,User Factor Name,Test Label,Collimation Status,Latitude,Longitude, Units,Mg Compound,Mg Compound Level,Mg Compound Error,Mg Concentration,Mg Error1s,Al Compound,Al Compound Level,Al Compound Error,Al Concentration,Al Error1s,Si Compound,Si Compound Level,Si Compound Error,Si Concentration,Si Error1s,P Compound,P Compound Level,P Compound Error,P Concentration,P Error1s,S Compound,S Compound Level,S Compound Error,S Concentration,S Error1s,K Compound,K Compound Level,K Compound Error,K Concentration,K Error1s,Ca Compound,Ca Compound Level,Ca Compound Error,Ca Concentration,Ca Error1s,Ti Compound,Ti Compound Level,Ti Compound Error,Ti Concentration,Ti Error1s,V Compound,V Compound Level,V Compound Error,V Concentration,V Error1s,Cr Compound,Cr Compound Level,Cr Compound Error,Cr Concentration,Cr Error1s,Mn Compound,Mn Compound Level,Mn Compound Error,Mn Concentration,Mn Error1s,Fe Compound,Fe Compound Level,Fe Compound Error,Fe Concentration,Fe Error1s,Co Compound,Co Compound Level,Co Compound Error,Co Concentration,Co Error1s,Ni Compound,Ni Compound Level,Ni Compound Error,Ni Concentration,Ni Error1s,Cu Compound,Cu Compound Level,Cu Compound Error,Cu Concentration,Cu Error1s,Zn Compound,Zn Compound Level,Zn Compound Error,Zn Concentration,Zn Error1s,As Compound,As Compound Level,As Compound Error,As Concentration,As Error1s,Se Compound,Se Compound Level,Se Compound Error,Se Concentration,Se Error1s,Rb Compound,Rb Compound Level,Rb Compound Error,Rb Concentration,Rb Error1s,Sr Compound,Sr Compound Level,Sr Compound Error,Sr Concentration,Sr Error1s,Y Compound,Y Compound Level,Y Compound Error,Y Concentration,Y Error1s,Zr Compound,Zr Compound Level,Zr Compound Error,Zr Concentration,Zr Error1s,Nb Compound,Nb Compound Level,Nb Compound Error,Nb Concentration,Nb Error1s,Mo Compound,Mo Compound Level,Mo Compound Error,Mo Concentration,Mo Error1s,Ag Compound,Ag Compound Level,Ag Compound Error,Ag Concentration,Ag Error1s,Cd Compound,Cd Compound Level,Cd Compound Error,Cd Concentration,Cd Error1s,Sn Compound,Sn Compound Level,Sn Compound Error,Sn Concentration,Sn Error1s,Sb Compound,Sb Compound Level,Sb Compound Error,Sb Concentration,Sb Error1s,Ba Compound,Ba Compound Level,Ba Compound Error,Ba Concentration,Ba Error1s,W Compound,W Compound Level,W Compound Error,W Concentration,W Error1s,Hg Compound,Hg Compound Level,Hg Compound Error,Hg Concentration,Hg Error1s,Pb Compound,Pb Compound Level,Pb Compound Error,Pb Concentration,Pb Error1s,Bi Compound,Bi Compound Level,Bi Compound Error,Bi Concentration,Bi Error1s,Th Compound,Th Compound Level,Th Compound Error,Th Concentration,Th Error1s,U Compound,U Compound Level,U Compound Error,U Concentration,U Error1s,LE Compound,LE Compound Level,LE Compound Error,LE Concentration,LE Error1s,Real Time 1,Real Time 2
801422,6,12/19/20,15:46:04,R1,0-10 cm,Geochem(3-Beam),model1,6,No,,,PPM,,,,19048,1072,,,,36640,216,,,,150750,287,,,,62,17,,,,0,52,,,,13122,28,,,,67888,114,,,,2640,44,,,,0,19,,,,55,7,,,,344,6,,,,25101,53,,,,31,7,,,,27,2,,,,15,1,,,,58,1,,,,8,0,,,,0,0,,,,70,0,,,,656,2,,,,18,0,,,,217,1,,,,8,0,,,,0,1,,,,0,4,,,,0,4,,,,0,6,,,,0,7,,,,480,70,,,,7,1,,,,0,1,,,,14,1,,,,0,5,,,,6,1,,,,0,2,,,,687112,863,120,120
801422,7,12/19/20,15:51:20,R1,10-20 cm,Geochem(3-Beam),model1,7,No,,,PPM,,,,26407,1171,,,,27977,204,,,,111338,237,,,,119,18,,,,763,14,,,,10993,26,,,,111128,194,,,,1928,45,,,,45,14,,,,43,8,,,,254,6,,,,22312,51,,,,36,7,,,,21,2,,,,15,1,,,,45,1,,,,12,0,,,,0,0,,,,62,0,,,,1254,3,,,,11,0,,,,133,1,,,,6,1,,,,0,1,,,,0,4,,,,0,4,,,,0,6,,,,0,8,,,,620,77,,,,6,1,,,,0,2,,,,10,1,,,,0,5,,,,16,1,,,,0,2,,,,688337,937,120,120
801422,8,12/19/20,15:56:13,R1,20-30 cm,Geochem(3-Beam),model1,8,No,,,PPM,,,,30159,1196,,,,25582,200,,,,104013,232,,,,90,18,,,,3465,19,,,,10322,25,,,,115448,209,,,,1784,46,,,,82,14,,,,0,13,,,,242,6,,,,21068,50,,,,23,7,,,,17,2,,,,15,1,,,,45,1,,,,19,1,,,,0,0,,,,56,1,,,,5412,10,,,,7,1,,,,209,1,,,,5,1,,,,0,1,,,,0,4,,,,0,4,,,,0,6,,,,0,7,,,,0,286,,,,0,2,,,,0,2,,,,8,1,,,,0,7,,,,68,2,,,,0,3,,,,685525,961,120,120
801422,9,12/19/20,16:02:16,R1,30-40 cm,Geochem(3-Beam),model1,9,No,,,PPM,,,,33219,1256,,,,25146,204,,,,99265,230,,,,0,44,,,,5541,24,,,,9806,25,,,,109576,205,,,,1767,46,,,,105,14,,,,0,13,,,,225,6,,,,21403,52,,,,0,12,,,,19,2,,,,13,1,,,,42,1,,,,22,1,,,,0,0,,,,57,1,,,,3765,8,,,,9,1,,,,166,1,,,,5,1,,,,0,1,,,,0,4,,,,9,3,,,,0,6,,,,0,8,,,,319,79,,,,4,1,,,,0,2,,,,8,1,,,,0,7,,,,52,2,,,,0,3,,,,693180,1010,120,120
801422,10,12/19/20,16:06:55,R1,40-50 cm,Geochem(3-Beam),model1,10,No,,,PPM,,,,32495,1247,,,,24174,201,,,,97189,224,,,,0,44,,,,7398,27,,,,9547,24,,,,109878,203,,,,1780,45,,,,125,14,,,,0,13,,,,294,6,,,,22199,53,,,,0,12,,,,19,2,,,,14,1,,,,45,1,,,,21,1,,,,0,0,,,,59,1,,,,2182,5,,,,10,0,,,,127,1,,,,4,1,,,,0,1,,,,0,4,,,,14,3,,,,0,6,,,,0,8,,,,371,77,,,,6,1,,,,0,2,,,,9,1,,,,0,6,,,,29,2,,,,0,2,,,,695870,1003,120,120
801422,11,12/19/20,16:12:09,R1,50-60 cm,Geochem(3-Beam),model1,11,No,,,PPM,,,,25238,1214,,,,24092,197,,,,95268,215,,,,0,49,,,,29059,65,,,,9719,25,,,,111057,200,,,,1733,46,,,,127,14,,,,30,8,,,,286,7,,,,23557,55,,,,32,8,,,,24,2,,,,14,1,,,,48,1,,,,18,0,,,,0,0,,,,60,1,,,,1475,3,,,,11,0,,,,110,1,,,,5,1,,,,0,1,,,,0,4,,,,0,4,,,,0,6,,,,0,8,,,,413,79,,,,6,1,,,,0,2,,,,10,1,,,,0,6,,,,19,2,,,,4,1,,,,681689,963,120,120
801422,12,12/19/20,16:17:07,R1,60-70 cm,Geochem(3-Beam),model1,12,No,,,PPM,,,,29066,1203,,,,23840,195,,,,91077,205,,,,0,48,,,,24990,57,,,,9907,25,,,,121051,215,,,,1627,45,,,,98,14,,,,32,8,,,,292,6,,,,23388,54,,,,42,8,,,,19,2,,,,14,1,,,,46,1,,,,18,0,,,,0,0,,,,59,1,,,,1577,3,,,,9,0,,,,110,1,,,,4,1,,,,0,1,,,,0,4,,,,0,4,,,,0,6,,,,0,8,,,,379,77,,,,6,1,,,,0,2,,,,9,1,,,,0,6,,,,24,2,,,,7,1,,,,676384,953,120,120
801422,13,12/19/20,16:21:47,R1,70-80 cm,Geochem(3-Beam),model1,13,No,,,PPM,,,,35557,1207,,,,22936,193,,,,87181,200,,,,0,48,,,,17442,44,,,,9211,23,,,,129924,231,,,,1563,45,,,,99,14,,,,0,12,,,,340,7,,,,20708,50,,,,30,7,,,,24,2,,,,12,1,,,,42,1,,,,17,0,,,,0,0,,,,53,1,,,,2432,5,,,,8,0,,,,115,1,,,,5,1,,,,0,1,,,,0,4,,,,10,2,,,,0,6,,,,0,8,,,,273,79,,,,4,1,,,,0,2,,,,8,1,,,,0,6,,,,32,2,,,,11,1,,,,675568,961,120,120
801422,14,12/19/20,16:26:45,R1,80-90 cm,Geochem(3-Beam),model1,14,No,,,PPM,,,,32894,1195,,,,24114,194,,,,90207,202,,,,0,47,,,,23257,54,,,,9838,24,,,,125111,220,,,,1639,44,,,,103,14,,,,0,12,,,,320,7,,,,21554,51,,,,35,7,,,,22,2,,,,12,1,,,,44,1,,,,14,0,,,,0,0,,,,56,1,,,,2084,4,,,,9,0,,,,116,1,,,,4,1,,,,0,1,,,,0,4,,,,0,4,,,,0,6,,,,0,8,,,,330,77,,,,5,1,,,,0,2,,,,10,1,,,,0,6,,,,32,2,,,,10,1,,,,671929,946,120,120
801422,15,12/19/20,16:32:01,R1,90-100 cm,Geochem(3-Beam),model1,15,No,,,PPM,,,,20751,1217,,,,25561,202,,,,94719,217,,,,0,50,,,,27687,64,,,,10104,26,,,,103427,190,,,,1819,47,,,,91,14,,,,0,13,,,,253,7,,,,24443,57,,,,29,8,,,,23,2,,,,15,1,,,,46,1,,,,12,0,,,,0,0,,,,64,1,,,,2607,5,,,,11,0,,,,151,1,,,,5,1,,,,0,1,,,,0,4,,,,11,3,,,,0,6,,,,0,8,,,,384,80,,,,0,2,,,,0,2,,,,10,1,,,,0,6,,,,30,2,,,,6,1,,,,691992,973,120,120
801422,16,12/19/20,16:37:28,R2,0-10 cm,Geochem(3-Beam),model1,16,No,,,PPM,,,,17294,1041,,,,37626,216,,,,145863,277,,,,184,16,,,,0,55,,,,13075,28,,,,61140,102,,,,2673,42,,,,58,12,,,,60,7,,,,397,6,,,,27065,55,,,,39,7,,,,24,2,,,,15,1,,,,66,1,,,,8,0,,,,0,0,,,,76,0,,,,452,1,,,,18,0,,,,202,1,,,,9,0,,,,0,1,,,,0,4,,,,0,4,,,,11,3,,,,0,7,,,,350,67,,,,5,1,,,,0,1,,,,15,1,,,,0,5,,,,7,1,,,,0,1,,,,697987,848,120,120
801422,17,12/19/20,16:42:40,R2,10-20 cm,Geochem(3-Beam),model1,17,No,,,PPM,,,,18118,1093,,,,34393,214,,,,130613,261,,,,148,17,,,,0,52,,,,12177,27,,,,77934,133,,,,2278,43,,,,46,13,,,,56,8,,,,349,6,,,,26863,57,,,,33,8,,,,27,2,,,,13,1,,,,57,1,,,,9,0,,,,0,0,,,,74,0,,,,611,1,,,,17,0,,,,161,1,,,,8,0,,,,0,1,,,,0,4,,,,0,4,,,,0,6,,,,0,7,,,,368,70,,,,4,1,,,,0,2,,,,13,1,,,,0,5,,,,8,1,,,,0,2,,,,700306,888,120,120
801422,18,12/19/20,16:47:39,R2,20-30 cm,Geochem(3-Beam),model1,18,No,,,PPM,,,,18210,1106,,,,33571,214,,,,128105,260,,,,97,17,,,,0,49,,,,12310,28,,,,87372,150,,,,2465,44,,,,43,13,,,,51,8,,,,340,6,,,,26984,58,,,,42,8,,,,24,2,,,,15,1,,,,52,1,,,,9,0,,,,0,0,,,,72,1,,,,747,2,,,,16,0,,,,162,1,,,,6,1,,,,0,1,,,,0,4,,,,8,2,,,,0,6,,,,0,7,,,,230,71,,,,5,1,,,,0,2,,,,12,1,,,,0,5,,,,10,1,,,,0,2,,,,693742,894,120,120
801422,19,12/19/20,16:52:31,R2,30-40 cm,Geochem(3-Beam),model1,19,No,,,PPM,,,,21961,1111,,,,33650,214,,,,124727,254,,,,140,17,,,,316,14,,,,12593,28,,,,91037,156,,,,2378,45,,,,64,13,,,,57,8,,,,307,6,,,,26771,58,,,,39,8,,,,25,2,,,,15,1,,,,56,1,,,,11,0,,,,0,0,,,,74,1,,,,823,2,,,,14,0,,,,152,1,,,,7,1,,,,0,1,,,,0,4,,,,0,4,,,,0,6,,,,0,8,,,,408,73,,,,6,1,,,,0,2,,,,12,1,,,,0,5,,,,12,1,,,,0,2,,,,689013,896,120,120
801422,20,12/19/20,16:57:51,R2,40-50 cm,Geochem(3-Beam),model1,20,No,,,PPM,,,,22404,1155,,,,31847,214,,,,113224,241,,,,155,18,,,,1365,16,,,,11731,27,,,,102473,180,,,,2041,45,,,,56,13,,,,58,8,,,,257,6,,,,25947,58,,,,37,8,,,,25,2,,,,17,1,,,,59,1,,,,9,0,,,,0,0,,,,71,1,,,,989,2,,,,13,0,,,,137,1,,,,7,1,,,,0,1,,,,0,4,,,,8,2,,,,0,6,,,,0,8,,,,422,75,,,,6,1,,,,0,2,,,,12,1,,,,0,5,,,,14,1,,,,0,2,,,,691141,930,120,120
801422,21,12/19/20,17:02:56,R2,50-60 cm,Geochem(3-Beam),model1,21,No,,,PPM,,,,25743,1175,,,,30502,211,,,,108408,235,,,,109,18,,,,2754,18,,,,11483,27,,,,108264,191,,,,1845,46,,,,83,14,,,,62,8,,,,279,6,,,,25398,57,,,,30,8,,,,25,2,,,,17,1,,,,55,1,,,,11,0,,,,0,0,,,,67,1,,,,1189,3,,,,12,0,,,,124,1,,,,6,1,,,,0,1,,,,0,4,,,,7,2,,,,0,6,,,,0,8,,,,644,79,,,,7,1,,,,0,2,,,,11,1,,,,0,5,,,,14,1,,,,0,2,,,,687280,942,120,120
801422,22,12/19/20,17:07:52,R2,60-70 cm,Geochem(3-Beam),model1,22,No,,,PPM,,,,30402,1179,,,,30385,211,,,,108680,235,,,,85,18,,,,3138,19,,,,11605,27,,,,100011,177,,,,2078,44,,,,100,14,,,,38,8,,,,266,6,,,,25977,58,,,,31,8,,,,25,2,,,,15,1,,,,54,1,,,,12,0,,,,0,0,,,,69,1,,,,1160,3,,,,13,0,,,,122,1,,,,8,1,,,,0,1,,,,0,4,,,,0,4,,,,0,6,,,,0,8,,,,0,276,,,,0,2,,,,0,2,,,,12,1,,,,0,5,,,,16,1,,,,0,2,,,,690223,947,120,120
801422,23,12/19/20,17:12:44,R2,70-80 cm,Geochem(3-Beam),model1,23,No,,,PPM,,,,29545,1173,,,,30688,211,,,,109059,235,,,,68,17,,,,4556,21,,,,11780,27,,,,99015,175,,,,2058,44,,,,90,13,,,,53,8,,,,296,6,,,,26156,58,,,,41,8,,,,27,2,,,,12,1,,,,55,1,,,,14,0,,,,0,0,,,,69,1,,,,1217,3,,,,12,0,,,,121,1,,,,6,1,,,,0,1,,,,0,4,,,,8,2,,,,11,3,,,,0,8,,,,281,72,,,,4,1,,,,2,1,,,,11,1,,,,0,5,,,,18,1,,,,3,1,,,,689283,943,120,120
801422,24,12/19/20,17:18:08,R2,80-90 cm,Geochem(3-Beam),model1,24,No,,,PPM,,,,29746,1173,,,,30261,210,,,,107255,232,,,,0,43,,,,6030,24,,,,11597,27,,,,97378,172,,,,2077,44,,,,77,14,,,,45,8,,,,297,6,,,,25790,58,,,,38,8,,,,25,2,,,,14,1,,,,58,1,,,,14,0,,,,0,0,,,,68,1,,,,1551,3,,,,12,0,,,,126,1,,,,5,1,,,,0,1,,,,0,4,,,,0,4,,,,0,6,,,,0,8,,,,222,74,,,,5,1,,,,0,2,,,,11,1,,,,0,6,,,,22,2,,,,3,1,,,,691769,945,120,120
801422,25,12/19/20,17:22:53,R2,90-100 cm,Geochem(3-Beam),model1,25,No,,,PPM,,,,28773,1170,,,,30563,211,,,,106592,231,,,,0,42,,,,6042,24,,,,11407,27,,,,100589,178,,,,1944,45,,,,100,14,,,,43,8,,,,301,6,,,,25626,57,,,,41,8,,,,25,2,,,,18,1,,,,55,1,,,,14,0,,,,0,0,,,,68,1,,,,1405,3,,,,12,0,,,,116,1,,,,5,1,,,,0,1,,,,0,4,,,,11,2,,,,0,6,,,,0,8,,,,496,76,,,,5,1,,,,0,2,,,,11,1,,,,0,5,,,,18,2,,,,5,1,,,,690179,942,120,120
801422,6,12/20/20,14:23:13,R3,0-10 cm,Geochem(3-Beam),model1,6,No,,,PPM,,,,14502,1132,,,,35195,220,,,,139980,280,,,,0,44,,,,0,54,,,,11907,27,,,,67853,118,,,,2498,43,,,,67,13,,,,47,7,,,,315,6,,,,24648,53,,,,32,7,,,,19,2,,,,15,1,,,,51,1,,,,7,0,,,,0,0,,,,69,0,,,,538,1,,,,18,0,,,,216,1,,,,8,0,,,,0,1,,,,0,4,,,,0,4,,,,0,6,,,,0,7,,,,308,69,,,,0,2,,,,0,2,,,,13,1,,,,0,5,,,,8,1,,,,0,2,,,,705983,913,120,120
801422,7,12/20/20,14:28:10,R3,10-20 cm,Geochem(3-Beam),model1,7,No,,,PPM,,,,16133,1179,,,,28053,206,,,,116068,248,,,,83,18,,,,266,14,,,,10495,25,,,,95621,170,,,,1953,44,,,,0,19,,,,55,8,,,,221,6,,,,21676,50,,,,0,12,,,,24,2,,,,13,1,,,,40,1,,,,9,0,,,,0,0,,,,63,0,,,,923,2,,,,12,0,,,,183,1,,,,7,1,,,,0,1,,,,0,4,,,,0,4,,,,0,6,,,,0,8,,,,291,74,,,,6,1,,,,0,2,,,,11,1,,,,0,5,,,,12,1,,,,0,2,,,,711563,952,120,120
801422,8,12/20/20,14:33:11,R3,20-30 cm,Geochem(3-Beam),model1,8,No,,,PPM,,,,19250,1255,,,,24681,204,,,,103202,236,,,,93,18,,,,751,15,,,,9323,24,,,,104409,195,,,,1886,49,,,,0,22,,,,69,8,,,,197,6,,,,19314,48,,,,30,7,,,,20,2,,,,14,1,,,,35,1,,,,11,0,,,,0,0,,,,55,0,,,,1282,3,,,,12,0,,,,183,1,,,,5,1,,,,0,1,,,,0,4,,,,0,5,,,,0,6,,,,0,8,,,,1334,87,,,,5,1,,,,0,2,,,,8,1,,,,0,6,,,,13,2,,,,0,2,,,,717194,1016,120,120
801422,9,12/20/20,14:38:06,R3,30-40 cm,Geochem(3-Beam),model1,9,No,,,PPM,,,,29784,1213,,,,25903,202,,,,103686,229,,,,0,43,,,,1565,16,,,,10015,24,,,,113841,203,,,,1839,46,,,,60,14,,,,32,8,,,,191,6,,,,20099,48,,,,24,7,,,,20,2,,,,11,1,,,,39,1,,,,13,0,,,,0,0,,,,60,0,,,,1493,3,,,,10,0,,,,151,1,,,,6,1,,,,0,1,,,,0,4,,,,0,4,,,,0,6,,,,0,8,,,,565,78,,,,6,1,,,,0,2,,,,8,1,,,,0,6,,,,19,2,,,,0,2,,,,694065,972,120,120
801422,10,12/20/20,14:43:18,R3,40-50 cm,Geochem(3-Beam),model1,10,No,,,PPM,,,,29403,1227,,,,26125,204,,,,104063,233,,,,0,43,,,,2671,18,,,,10209,25,,,,110120,200,,,,1668,45,,,,82,14,,,,0,12,,,,189,6,,,,20846,50,,,,0,12,,,,20,2,,,,14,1,,,,40,1,,,,16,0,,,,0,0,,,,60,1,,,,2343,5,,,,9,0,,,,174,1,,,,5,1,,,,0,1,,,,0,4,,,,9,2,,,,0,6,,,,0,8,,,,414,78,,,,5,1,,,,0,2,,,,8,1,,,,0,6,,,,32,2,,,,0,2,,,,695100,985,120,120
801422,11,12/20/20,14:48:13,R3,50-60 cm,Geochem(3-Beam),model1,11,No,,,PPM,,,,30656,1199,,,,26913,203,,,,111474,242,,,,94,18,,,,2982,18,,,,10775,26,,,,105351,188,,,,1980,45,,,,79,14,,,,0,12,,,,221,6,,,,20723,49,,,,0,12,,,,17,2,,,,13,1,,,,39,1,,,,18,0,,,,0,0,,,,59,1,,,,2890,6,,,,10,0,,,,186,1,,,,5,1,,,,0,1,,,,0,4,,,,0,4,,,,0,6,,,,0,8,,,,318,76,,,,4,1,,,,0,2,,,,8,1,,,,0,6,,,,36,2,,,,0,2,,,,688754,961,120,120
801422,12,12/20/20,14:52:56,R3,60-70 cm,Geochem(3-Beam),model1,12,No,,,PPM,,,,30834,1159,,,,27215,200,,,,124190,259,,,,72,17,,,,3901,20,,,,11336,27,,,,95937,169,,,,2163,46,,,,86,14,,,,0,12,,,,227,6,,,,19634,46,,,,0,11,,,,19,2,,,,10,1,,,,40,1,,,,17,0,,,,0,0,,,,56,1,,,,3994,8,,,,11,0,,,,239,1,,,,6,1,,,,0,1,,,,0,4,,,,0,4,,,,11,3,,,,0,7,,,,336,77,,,,0,2,,,,0,2,,,,8,1,,,,0,6,,,,44,2,,,,0,3,,,,683030,930,120,120
801422,13,12/20/20,14:57:41,R3,70-80 cm,Geochem(3-Beam),model1,13,No,,,PPM,,,,32331,1206,,,,26857,204,,,,111580,243,,,,0,44,,,,2899,18,,,,10304,25,,,,90831,164,,,,1860,44,,,,81,13,,,,27,8,,,,237,6,,,,21058,49,,,,26,7,,,,20,2,,,,11,1,,,,41,1,,,,16,0,,,,0,0,,,,59,0,,,,1748,4,,,,10,0,,,,153,1,,,,5,1,,,,0,1,,,,0,4,,,,7,2,,,,0,6,,,,0,8,,,,0,273,,,,0,2,,,,0,2,,,,9,1,,,,0,6,,,,21,2,,,,3,1,,,,703472,974,120,120
801422,14,12/20/20,15:02:36,R3,80-90 cm,Geochem(3-Beam),model1,14,No,,,PPM,,,,34584,1191,,,,28532,207,,,,110962,239,,,,57,17,,,,3338,19,,,,11169,26,,,,98430,175,,,,1815,44,,,,98,13,,,,26,8,,,,253,6,,,,23051,53,,,,41,7,,,,20,2,,,,13,1,,,,44,1,,,,18,0,,,,0,0,,,,62,1,,,,1675,3,,,,11,0,,,,139,1,,,,5,1,,,,0,1,,,,0,4,,,,9,2,,,,0,6,,,,0,8,,,,340,74,,,,5,1,,,,0,2,,,,10,1,,,,0,6,,,,20,2,,,,7,1,,,,689282,956,120,120
801422,15,12/20/20,15:07:20,R3,90-100 cm,Geochem(3-Beam),model1,15,No,,,PPM,,,,40109,1267,,,,25022,204,,,,96097,223,,,,0,52,,,,4408,21,,,,9595,25,,,,104787,196,,,,1679,45,,,,77,14,,,,0,12,,,,238,6,,,,21158,51,,,,0,12,,,,19,2,,,,13,1,,,,44,1,,,,17,0,,,,0,0,,,,59,1,,,,2894,6,,,,8,0,,,,138,1,,,,4,1,,,,0,1,,,,0,4,,,,0,4,,,,0,6,,,,0,8,,,,0,282,,,,0,2,,,,0,2,,,,7,1,,,,0,6,,,,35,2,,,,13,1,,,,697259,1021,120,120
801422,16,12/20/20,15:12:23,R4,0-10 cm,Geochem(3-Beam),model1,16,No,,,PPM,,,,26176,1159,,,,29478,206,,,,116210,246,,,,62,17,,,,422,14,,,,10000,24,,,,90631,160,,,,2123,44,,,,46,13,,,,42,8,,,,279,6,,,,22808,52,,,,24,7,,,,19,2,,,,12,1,,,,46,1,,,,12,0,,,,0,0,,,,61,0,,,,1274,3,,,,14,0,,,,191,1,,,,6,1,,,,0,1,,,,0,4,,,,0,4,,,,0,6,,,,0,8,,,,447,73,,,,5,1,,,,0,2,,,,10,1,,,,0,5,,,,16,1,,,,0,2,,,,703564,940,120,120
801422,17,12/20/20,15:17:17,R4,10-20 cm,Geochem(3-Beam),model1,17,No,,,PPM,,,,28809,1190,,,,28089,206,,,,108349,238,,,,98,18,,,,1548,16,,,,9874,24,,,,101620,183,,,,1802,45,,,,109,14,,,,0,12,,,,257,6,,,,22798,53,,,,30,7,,,,21,2,,,,15,1,,,,46,1,,,,20,1,,,,0,0,,,,59,1,,,,2904,6,,,,10,0,,,,174,1,,,,6,1,,,,0,1,,,,0,4,,,,8,2,,,,0,6,,,,0,8,,,,505,78,,,,4,1,,,,0,2,,,,10,1,,,,0,6,,,,32,2,,,,0,2,,,,696770,962,120,120
801422,18,12/20/20,15:22:36,R4,20-30 cm,Geochem(3-Beam),model1,18,No,,,PPM,,,,31957,1169,,,,28018,203,,,,110967,241,,,,74,18,,,,4436,21,,,,10364,25,,,,103727,186,,,,1852,45,,,,149,14,,,,0,13,,,,242,6,,,,22452,52,,,,32,7,,,,19,2,,,,14,1,,,,45,1,,,,20,1,,,,0,0,,,,57,1,,,,6105,12,,,,10,1,,,,238,1,,,,4,1,,,,0,1,,,,0,4,,,,12,3,,,,0,6,,,,0,7,,,,0,280,,,,0,2,,,,0,2,,,,7,1,,,,0,7,,,,79,2,,,,0,3,,,,683025,943,120,120
801422,19,12/20/20,15:27:21,R4,30-40 cm,Geochem(3-Beam),model1,19,No,,,PPM,,,,31977,1211,,,,26616,203,,,,105675,234,,,,0,43,,,,10468,32,,,,10110,25,,,,98276,179,,,,1856,45,,,,100,14,,,,0,12,,,,262,6,,,,22591,53,,,,36,7,,,,21,2,,,,12,1,,,,46,1,,,,17,0,,,,0,0,,,,58,1,,,,2681,5,,,,10,0,,,,176,1,,,,5,1,,,,0,1,,,,0,4,,,,0,4,,,,0,6,,,,0,8,,,,257,76,,,,0,2,,,,0,2,,,,9,1,,,,0,6,,,,40,2,,,,7,1,,,,692623,974,120,120
801422,20,12/20/20,15:32:09,R4,40-50 cm,Geochem(3-Beam),model1,20,No,,,PPM,,,,31355,1180,,,,26389,199,,,,105302,228,,,,0,49,,,,14705,39,,,,10149,25,,,,100206,177,,,,1865,44,,,,82,13,,,,0,12,,,,251,6,,,,22242,51,,,,30,7,,,,24,2,,,,14,1,,,,43,1,,,,14,0,,,,0,0,,,,57,0,,,,1865,4,,,,11,0,,,,151,1,,,,5,1,,,,0,1,,,,0,4,,,,12,2,,,,0,6,,,,0,8,,,,322,74,,,,0,2,,,,0,2,,,,9,1,,,,0,6,,,,28,2,,,,8,1,,,,688731,946,120,120
801422,21,12/20/20,15:37:21,R4,50-60 cm,Geochem(3-Beam),model1,21,No,,,PPM,,,,25883,1185,,,,26677,202,,,,110909,240,,,,0,51,,,,14786,40,,,,10092,25,,,,82995,149,,,,2098,45,,,,73,13,,,,48,8,,,,302,6,,,,22316,51,,,,30,7,,,,20,2,,,,15,1,,,,45,1,,,,14,0,,,,0,0,,,,60,0,,,,1245,3,,,,12,0,,,,174,1,,,,5,1,,,,0,1,,,,0,4,,,,0,4,,,,0,6,,,,0,8,,,,0,275,,,,6,1,,,,0,2,,,,9,1,,,,0,5,,,,15,1,,,,9,1,,,,706053,957,120,120
801422,22,12/20/20,15:42:34,R4,60-70 cm,Geochem(3-Beam),model1,22,No,,,PPM,,,,27020,1170,,,,27273,201,,,,114071,242,,,,0,50,,,,16654,43,,,,10368,25,,,,83065,147,,,,2087,45,,,,86,14,,,,34,8,,,,303,6,,,,21851,50,,,,0,12,,,,22,2,,,,12,1,,,,45,1,,,,14,0,,,,0,0,,,,59,0,,,,1221,3,,,,12,0,,,,180,1,,,,6,1,,,,0,1,,,,0,4,,,,0,4,,,,0,6,,,,0,8,,,,251,74,,,,0,2,,,,0,2,,,,9,1,,,,0,5,,,,14,1,,,,10,1,,,,699142,943,120,120
801422,23,12/20/20,15:47:21,R4,70-80 cm,Geochem(3-Beam),model1,23,No,,,PPM,,,,28042,1113,,,,28587,199,,,,123759,249,,,,0,41,,,,14462,38,,,,10972,25,,,,82197,140,,,,2085,43,,,,85,13,,,,35,8,,,,279,6,,,,21338,48,,,,35,7,,,,19,2,,,,12,1,,,,45,1,,,,15,0,,,,0,0,,,,59,0,,,,1231,3,,,,13,0,,,,197,1,,,,5,0,,,,0,1,,,,0,4,,,,0,4,,,,0,6,,,,0,7,,,,292,72,,,,0,2,,,,0,2,,,,9,1,,,,0,5,,,,16,1,,,,10,1,,,,689924,896,120,120
801422,24,12/20/20,15:59:10,R4,80-90 cm,Geochem(3-Beam),model1,24,No,,,PPM,,,,28765,1180,,,,24597,195,,,,100198,220,,,,0,42,,,,24368,56,,,,10156,25,,,,100730,179,,,,1829,44,,,,69,14,,,,0,12,,,,297,6,,,,21343,50,,,,41,7,,,,17,2,,,,15,1,,,,45,1,,,,17,0,,,,0,0,,,,56,1,,,,3571,7,,,,9,0,,,,197,1,,,,3,1,,,,0,1,,,,0,4,,,,0,4,,,,0,6,,,,0,7,,,,0,277,,,,4,1,,,,0,2,,,,7,1,,,,0,6,,,,50,2,,,,8,1,,,,687322,944,120,120
801422,25,12/20/20,16:03:59,R4,90-100 cm,Geochem(3-Beam),model1,25,No,,,PPM,,,,33330,1266,,,,23530,200,,,,93338,220,,,,0,53,,,,14339,40,,,,9314,24,,,,97559,185,,,,1785,45,,,,78,14,,,,0,13,,,,266,6,,,,21238,52,,,,28,7,,,,21,2,,,,10,1,,,,43,1,,,,18,0,,,,0,0,,,,55,1,,,,3822,8,,,,9,1,,,,176,1,,,,3,1,,,,0,1,,,,0,4,,,,0,4,,,,0,6,,,,0,8,,,,0,285,,,,0,2,,,,0,2,,,,6,1,,,,0,7,,,,49,2,,,,8,1,,,,704669,1024,120,120
801422,30,12/20/20,17:03:18,R5,0-10 cm,Geochem(3-Beam),model1,30,No,,,PPM,,,,18421,1105,,,,30751,206,,,,132500,264,,,,116,17,,,,204,14,,,,11494,26,,,,80150,137,,,,2225,43,,,,0,19,,,,39,7,,,,263,6,,,,22546,50,,,,0,12,,,,18,2,,,,15,1,,,,44,1,,,,8,0,,,,0,0,,,,64,0,,,,693,2,,,,15,0,,,,192,1,,,,8,0,,,,0,1,,,,0,4,,,,0,4,,,,0,6,,,,0,7,,,,456,70,,,,4,1,,,,0,2,,,,11,1,,,,0,5,,,,10,1,,,,0,2,,,,703685,895,120,120
801422,31,12/20/20,17:08:53,R5,10-20 cm,Geochem(3-Beam),model1,31,No,,,PPM,,,,21466,1147,,,,28158,203,,,,118884,248,,,,111,18,,,,593,14,,,,10952,26,,,,101667,176,,,,2005,45,,,,0,20,,,,54,8,,,,244,6,,,,21751,50,,,,26,7,,,,20,2,,,,12,1,,,,42,1,,,,10,0,,,,0,0,,,,63,0,,,,1042,2,,,,12,0,,,,171,1,,,,6,1,,,,0,1,,,,0,4,,,,0,4,,,,0,6,,,,0,8,,,,645,76,,,,6,1,,,,0,2,,,,11,1,,,,0,5,,,,14,1,,,,0,2,,,,695832,923,120,120
801422,32,12/20/20,17:13:47,R5,20-30 cm,Geochem(3-Beam),model1,32,No,,,PPM,,,,25454,1163,,,,29448,208,,,,119697,251,,,,95,18,,,,2083,17,,,,11457,27,,,,95468,167,,,,2114,45,,,,57,13,,,,70,8,,,,227,6,,,,22893,52,,,,26,7,,,,23,2,,,,16,1,,,,45,1,,,,12,0,,,,0,0,,,,67,1,,,,1083,2,,,,12,0,,,,180,1,,,,6,1,,,,0,1,,,,0,4,,,,0,4,,,,0,6,,,,0,8,,,,557,75,,,,5,1,,,,0,2,,,,11,1,,,,0,5,,,,12,1,,,,0,2,,,,692880,935,120,120
801422,33,12/20/20,17:18:28,R5,30-40 cm,Geochem(3-Beam),model1,33,No,,,PPM,,,,32512,1196,,,,26274,201,,,,105923,234,,,,64,18,,,,5485,23,,,,10376,26,,,,109259,198,,,,1776,45,,,,57,14,,,,0,13,,,,191,6,,,,20564,49,,,,23,7,,,,18,2,,,,12,1,,,,39,1,,,,18,1,,,,0,0,,,,57,1,,,,5944,11,,,,9,1,,,,229,1,,,,5,1,,,,0,1,,,,0,4,,,,9,3,,,,13,3,,,,0,7,,,,0,283,,,,0,2,,,,0,2,,,,7,1,,,,0,7,,,,68,2,,,,0,3,,,,684645,962,120,120
801422,34,12/20/20,17:23:13,R5,40-50 cm,Geochem(3-Beam),model1,34,No,,,PPM,,,,40512,1259,,,,22793,197,,,,90314,213,,,,0,43,,,,5485,23,,,,9058,24,,,,118015,220,,,,1595,45,,,,100,14,,,,0,13,,,,209,6,,,,19201,48,,,,34,7,,,,17,2,,,,9,1,,,,37,1,,,,20,1,,,,0,0,,,,51,1,,,,5684,11,,,,6,1,,,,196,1,,,,3,1,,,,0,1,,,,0,4,,,,10,3,,,,0,6,,,,0,7,,,,0,280,,,,0,2,,,,0,2,,,,7,1,,,,0,7,,,,64,2,,,,0,3,,,,689920,1013,120,120
801422,35,12/20/20,17:28:05,R5,50-60 cm,Geochem(3-Beam),model1,35,No,,,PPM,,,,41254,1206,,,,25481,199,,,,99735,222,,,,0,42,,,,5370,22,,,,10155,25,,,,111390,200,,,,1705,44,,,,124,14,,,,0,12,,,,224,6,,,,21394,50,,,,26,7,,,,21,2,,,,14,1,,,,43,1,,,,21,1,,,,0,0,,,,58,1,,,,3819,7,,,,8,0,,,,168,1,,,,4,1,,,,0,1,,,,0,4,,,,8,2,,,,0,6,,,,0,7,,,,0,274,,,,5,1,,,,0,2,,,,7,1,,,,0,7,,,,53,2,,,,5,1,,,,682629,967,120,120
801422,36,12/20/20,17:32:57,R5,60-70 cm,Geochem(3-Beam),model1,36,No,,,PPM,,,,41768,1217,,,,25025,199,,,,99297,222,,,,0,42,,,,7064,26,,,,9987,25,,,,112147,202,,,,1699,44,,,,135,14,,,,0,12,,,,240,6,,,,21200,50,,,,32,7,,,,18,2,,,,12,1,,,,42,1,,,,22,1,,,,0,0,,,,56,1,,,,3949,8,,,,6,0,,,,153,1,,,,4,1,,,,0,1,,,,0,4,,,,0,4,,,,0,6,,,,0,7,,,,0,278,,,,0,2,,,,0,2,,,,6,1,,,,0,7,,,,51,2,,,,4,1,,,,680772,974,120,120
801422,37,12/20/20,17:37:42,R5,70-80 cm,Geochem(3-Beam),model1,37,No,,,PPM,,,,46741,1231,,,,23371,195,,,,95247,214,,,,0,41,,,,4794,21,,,,9350,23,,,,129410,231,,,,1550,43,,,,99,14,,,,0,12,,,,267,6,,,,19821,48,,,,34,7,,,,19,2,,,,11,1,,,,40,1,,,,18,0,,,,0,0,,,,54,1,,,,2044,4,,,,7,0,,,,112,1,,,,3,1,,,,0,1,,,,0,4,,,,0,4,,,,0,6,,,,0,8,,,,0,275,,,,0,2,,,,0,2,,,,7,1,,,,0,6,,,,28,2,,,,15,1,,,,670408,975,120,120
801422,38,12/20/20,17:42:25,R5,80-90 cm,Geochem(3-Beam),model1,38,No,,,PPM,,,,34143,1196,,,,24745,197,,,,99985,220,,,,0,41,,,,8686,28,,,,9917,24,,,,115995,205,,,,1689,44,,,,121,14,,,,37,8,,,,284,6,,,,22299,52,,,,0,12,,,,22,2,,,,12,1,,,,45,1,,,,17,0,,,,0,0,,,,61,1,,,,1700,4,,,,9,0,,,,116,1,,,,6,1,,,,0,1,,,,0,4,,,,11,2,,,,0,6,,,,0,8,,,,270,75,,,,4,1,,,,0,2,,,,8,1,,,,0,6,,,,23,2,,,,11,1,,,,683669,956,120,120
801422,39,12/20/20,17:47:09,R5,90-100 cm,Geochem(3-Beam),model1,39,No,,,PPM,,,,30510,1204,,,,25964,202,,,,105117,231,,,,0,42,,,,12770,36,,,,10031,25,,,,112868,201,,,,1776,46,,,,106,14,,,,42,8,,,,311,7,,,,23210,54,,,,41,8,,,,27,2,,,,12,1,,,,47,1,,,,15,0,,,,0,0,,,,64,1,,,,1640,3,,,,10,0,,,,113,1,,,,6,1,,,,0,1,,,,0,4,,,,0,4,,,,10,3,,,,0,8,,,,321,78,,,,4,1,,,,0,2,,,,10,1,,,,0,6,,,,20,2,,,,10,1,,,,678987,958,120,120
801422,40,12/20/20,17:51:59,R6,0-10 cm,Geochem(3-Beam),model1,40,No,,,PPM,,,,21096,1079,,,,33419,209,,,,141112,274,,,,0,41,,,,223,14,,,,11952,27,,,,78393,131,,,,2483,43,,,,54,13,,,,38,7,,,,297,6,,,,23521,51,,,,22,7,,,,22,2,,,,16,1,,,,51,1,,,,8,0,,,,0,0,,,,65,0,,,,773,2,,,,15,0,,,,205,1,,,,7,0,,,,0,1,,,,0,4,,,,0,4,,,,0,6,,,,0,7,,,,262,69,,,,4,1,,,,0,2,,,,13,1,,,,0,5,,,,10,1,,,,3,1,,,,690035,871,120,120
801422,41,12/20/20,17:56:58,R6,10-20 cm,Geochem(3-Beam),model1,41,No,,,PPM,,,,25838,1131,,,,28914,202,,,,117905,244,,,,70,17,,,,870,14,,,,10693,25,,,,104340,179,,,,2013,45,,,,42,14,,,,76,8,,,,258,6,,,,22236,50,,,,0,12,,,,23,2,,,,12,1,,,,42,1,,,,11,0,,,,0,0,,,,61,0,,,,1190,3,,,,12,0,,,,166,1,,,,7,1,,,,0,1,,,,0,4,,,,0,4,,,,0,6,,,,0,8,,,,797,78,,,,4,1,,,,0,2,,,,11,1,,,,0,5,,,,13,1,,,,0,2,,,,688281,910,120,120
801422,42,12/20/20,18:01:30,R6,20-30 cm,Geochem(3-Beam),model1,42,No,,,PPM,,,,31673,1183,,,,27863,204,,,,107921,235,,,,0,42,,,,2401,17,,,,10233,25,,,,111792,198,,,,1906,45,,,,91,14,,,,0,12,,,,240,6,,,,22699,53,,,,40,7,,,,21,2,,,,15,1,,,,43,1,,,,16,0,,,,0,0,,,,61,1,,,,2700,5,,,,11,0,,,,159,1,,,,6,1,,,,0,1,,,,0,4,,,,0,4,,,,0,6,,,,0,8,,,,413,77,,,,0,2,,,,0,2,,,,10,1,,,,0,6,,,,39,2,,,,0,2,,,,683596,949,120,120
801422,43,12/20/20,18:06:28,R6,30-40 cm,Geochem(3-Beam),model1,43,No,,,PPM,,,,34546,1180,,,,27808,203,,,,106554,231,,,,0,41,,,,4933,22,,,,10301,25,,,,108005,191,,,,1858,44,,,,117,14,,,,0,12,,,,246,6,,,,22837,52,,,,44,7,,,,18,2,,,,13,1,,,,42,1,,,,18,0,,,,0,0,,,,61,1,,,,2500,5,,,,10,0,,,,156,1,,,,5,1,,,,0,1,,,,0,4,,,,0,4,,,,10,3,,,,0,8,,,,305,75,,,,7,1,,,,0,2,,,,9,1,,,,0,6,,,,31,2,,,,0,2,,,,683535,947,120,120
801422,44,12/20/20,18:11:16,R6,40-50 cm,Geochem(3-Beam),model1,44,No,,,PPM,,,,32383,1174,,,,28024,204,,,,108667,234,,,,0,49,,,,5655,23,,,,10425,25,,,,102503,181,,,,2009,44,,,,108,14,,,,35,8,,,,264,6,,,,23208,53,,,,33,7,,,,23,2,,,,14,1,,,,45,1,,,,18,0,,,,0,0,,,,60,1,,,,2163,4,,,,11,0,,,,146,1,,,,5,1,,,,0,1,,,,0,4,,,,0,4,,,,0,6,,,,0,8,,,,264,75,,,,5,1,,,,0,2,,,,9,1,,,,0,6,,,,28,2,,,,5,1,,,,687934,944,120,120
801422,45,12/20/20,18:16:08,R6,50-60 cm,Geochem(3-Beam),model1,45,No,,,PPM,,,,32341,1169,,,,26873,199,,,,104411,224,,,,0,47,,,,15708,40,,,,10301,25,,,,106847,187,,,,1815,44,,,,110,14,,,,34,8,,,,252,6,,,,22846,52,,,,26,7,,,,18,2,,,,16,1,,,,47,1,,,,17,0,,,,0,0,,,,58,1,,,,1971,4,,,,9,0,,,,143,1,,,,6,1,,,,0,1,,,,0,4,,,,0,4,,,,0,6,,,,0,8,,,,296,75,,,,4,1,,,,0,2,,,,9,1,,,,0,6,,,,26,2,,,,7,1,,,,679792,933,120,120
801422,46,12/20/20,18:20:38,R6,60-70 cm,Geochem(3-Beam),model1,46,No,,,PPM,,,,30635,1173,,,,25554,195,,,,97006,212,,,,0,48,,,,25043,56,,,,9663,24,,,,105654,185,,,,1687,44,,,,95,14,,,,24,8,,,,242,6,,,,22371,51,,,,29,7,,,,23,2,,,,15,1,,,,43,1,,,,15,0,,,,0,0,,,,56,0,,,,1723,4,,,,9,0,,,,142,1,,,,5,1,,,,0,1,,,,0,4,,,,0,4,,,,0,6,,,,0,8,,,,287,75,,,,6,1,,,,0,2,,,,8,1,,,,0,6,,,,23,2,,,,10,1,,,,683529,936,120,120
801422,47,12/20/20,18:25:24,R6,70-80 cm,Geochem(3-Beam),model1,47,No,,,PPM,,,,31844,1181,,,,26259,199,,,,106099,228,,,,0,48,,,,20638,49,,,,10374,25,,,,104387,183,,,,1751,44,,,,77,14,,,,28,8,,,,246,6,,,,22068,51,,,,36,7,,,,19,2,,,,14,1,,,,43,1,,,,13,0,,,,0,0,,,,57,1,,,,1942,4,,,,11,0,,,,153,1,,,,5,1,,,,0,1,,,,0,4,,,,0,4,,,,0,6,,,,0,8,,,,0,276,,,,5,1,,,,0,2,,,,9,1,,,,0,6,,,,25,2,,,,11,1,,,,677732,937,120,120
801422,48,12/20/20,18:29:55,R6,80-90 cm,Geochem(3-Beam),model1,48,No,,,PPM,,,,25768,1169,,,,22942,188,,,,93362,204,,,,0,47,,,,40729,83,,,,9640,24,,,,111665,194,,,,1808,44,,,,91,13,,,,0,12,,,,240,6,,,,21249,49,,,,33,7,,,,22,2,,,,12,1,,,,41,1,,,,13,0,,,,0,0,,,,54,1,,,,2030,4,,,,10,0,,,,141,1,,,,4,1,,,,0,1,,,,0,4,,,,7,2,,,,0,6,,,,0,8,,,,258,74,,,,0,2,,,,0,2,,,,8,1,,,,0,6,,,,27,2,,,,14,1,,,,673526,923,120,120
801422,49,12/20/20,18:34:47,R6,90-100 cm,Geochem(3-Beam),model1,49,No,,,PPM,,,,28053,1194,,,,26252,201,,,,100696,223,,,,0,51,,,,15997,42,,,,9771,24,,,,93542,169,,,,1943,44,,,,67,13,,,,30,8,,,,277,6,,,,22766,53,,,,32,7,,,,22,2,,,,13,1,,,,45,1,,,,13,0,,,,0,0,,,,59,1,,,,2174,4,,,,10,0,,,,144,1,,,,5,1,,,,0,1,,,,0,4,,,,12,2,,,,0,6,,,,0,8,,,,291,73,,,,7,1,,,,0,2,,,,8,1,,,,0,6,,,,25,2,,,,16,1,,,,701698,965,120,120
801422,6,12/21/20,13:30:03,R7,0-10 cm,Geochem(3-Beam),model1,6,No,,,PPM,,,,16495,1097,,,,39286,226,,,,151601,293,,,,106,16,,,,0,57,,,,13115,29,,,,54372,94,,,,2834,43,,,,54,13,,,,66,7,,,,398,6,,,,27749,57,,,,41,8,,,,26,2,,,,18,1,,,,65,1,,,,8,0,,,,0,0,,,,77,0,,,,446,1,,,,19,0,,,,234,1,,,,9,0,,,,0,1,,,,0,4,,,,0,4,,,,0,6,,,,0,7,,,,463,68,,,,7,1,,,,0,2,,,,15,1,,,,0,5,,,,6,1,,,,0,1,,,,697332,885,120,120
801422,7,12/21/20,13:35:06,R7,10-20 cm,Geochem(3-Beam),model1,7,No,,,PPM,,,,19719,1142,,,,33216,215,,,,128107,262,,,,176,18,,,,109,14,,,,12119,28,,,,90256,156,,,,2226,44,,,,61,13,,,,47,8,,,,317,6,,,,26078,57,,,,42,8,,,,23,2,,,,15,1,,,,49,1,,,,10,0,,,,0,0,,,,71,1,,,,733,2,,,,15,0,,,,165,1,,,,6,1,,,,0,1,,,,0,4,,,,0,4,,,,0,6,,,,0,7,,,,348,71,,,,6,1,,,,0,2,,,,11,1,,,,0,5,,,,13,1,,,,0,2,,,,690604,915,120,120
801422,8,12/21/20,13:39:52,R7,20-30 cm,Geochem(3-Beam),model1,8,No,,,PPM,,,,19499,1166,,,,31288,213,,,,116588,247,,,,121,18,,,,321,14,,,,11794,27,,,,99980,176,,,,2119,44,,,,53,13,,,,54,8,,,,271,6,,,,25764,57,,,,37,8,,,,23,2,,,,15,1,,,,50,1,,,,10,0,,,,0,0,,,,71,1,,,,913,2,,,,14,0,,,,148,1,,,,7,1,,,,0,1,,,,0,4,,,,12,2,,,,0,6,,,,0,8,,,,337,73,,,,6,1,,,,0,2,,,,11,1,,,,0,5,,,,14,1,,,,0,2,,,,694972,936,120,120
801422,9,12/21/20,13:44:45,R7,30-40 cm,Geochem(3-Beam),model1,9,No,,,PPM,,,,21389,1181,,,,28913,209,,,,107857,235,,,,71,18,,,,1284,15,,,,11308,27,,,,109526,194,,,,1930,47,,,,58,14,,,,60,8,,,,253,6,,,,23839,55,,,,0,13,,,,23,2,,,,12,1,,,,46,1,,,,10,0,,,,0,0,,,,69,1,,,,1131,3,,,,12,0,,,,135,1,,,,7,1,,,,0,1,,,,0,4,,,,0,4,,,,0,6,,,,0,8,,,,1281,83,,,,7,1,,,,0,2,,,,10,1,,,,0,5,,,,13,1,,,,0,2,,,,694912,949,120,120
801422,10,12/21/20,13:49:31,R7,40-50 cm,Geochem(3-Beam),model1,10,No,,,PPM,,,,26144,1290,,,,27539,216,,,,101110,237,,,,70,19,,,,2317,18,,,,10770,27,,,,103293,197,,,,1980,48,,,,61,15,,,,68,9,,,,245,6,,,,23404,57,,,,44,8,,,,26,2,,,,11,1,,,,46,1,,,,12,0,,,,0,0,,,,69,1,,,,1263,3,,,,12,0,,,,129,1,,,,7,1,,,,0,1,,,,0,4,,,,10,3,,,,0,6,,,,0,8,,,,573,82,,,,4,1,,,,0,2,,,,11,1,,,,0,6,,,,12,2,,,,0,2,,,,704857,1038,120,120
801422,11,12/21/20,13:54:18,R7,50-60 cm,Geochem(3-Beam),model1,11,No,,,PPM,,,,28561,1251,,,,27439,211,,,,99147,228,,,,59,18,,,,3319,19,,,,10897,27,,,,111610,206,,,,1841,46,,,,119,14,,,,58,8,,,,204,6,,,,23079,55,,,,0,13,,,,23,2,,,,14,1,,,,45,1,,,,16,0,,,,0,0,,,,66,1,,,,1363,3,,,,11,0,,,,117,1,,,,4,1,,,,0,1,,,,0,4,,,,16,3,,,,0,6,,,,0,8,,,,0,283,,,,9,1,,,,0,2,,,,11,1,,,,0,6,,,,17,2,,,,3,1,,,,695978,1002,120,120
801422,12,12/21/20,13:59:10,R7,60-70 cm,Geochem(3-Beam),model1,12,No,,,PPM,,,,32974,1206,,,,27855,207,,,,102393,227,,,,0,42,,,,3749,20,,,,11304,27,,,,114736,205,,,,1838,46,,,,109,14,,,,0,13,,,,245,6,,,,23084,54,,,,0,12,,,,22,2,,,,17,1,,,,45,1,,,,18,0,,,,0,0,,,,65,1,,,,2172,4,,,,10,0,,,,139,1,,,,5,1,,,,0,1,,,,0,4,,,,7,2,,,,0,6,,,,0,8,,,,474,78,,,,8,1,,,,0,2,,,,10,1,,,,0,6,,,,33,2,,,,0,2,,,,682705,964,120,120
801422,13,12/21/20,14:18:13,R7,70-80 cm,Geochem(3-Beam),model1,13,No,,,PPM,,,,31265,1217,,,,28324,210,,,,104675,234,,,,0,43,,,,4197,21,,,,11278,27,,,,111361,203,,,,1920,46,,,,109,14,,,,0,13,,,,276,6,,,,23790,56,,,,0,13,,,,25,2,,,,15,1,,,,47,1,,,,20,1,,,,0,0,,,,64,1,,,,3689,7,,,,9,1,,,,174,1,,,,6,1,,,,0,1,,,,0,4,,,,9,3,,,,10,3,,,,0,8,,,,0,288,,,,5,1,,,,0,2,,,,9,1,,,,0,7,,,,56,2,,,,0,3,,,,682805,973,120,120
801422,14,12/21/20,14:23:08,R7,80-90 cm,Geochem(3-Beam),model1,14,No,,,PPM,,,,29294,1208,,,,29003,210,,,,104446,233,,,,0,49,,,,5486,23,,,,10771,26,,,,114984,209,,,,1842,46,,,,101,14,,,,0,13,,,,215,6,,,,24638,57,,,,32,8,,,,21,2,,,,13,1,,,,46,1,,,,16,1,,,,0,0,,,,65,1,,,,4405,9,,,,9,1,,,,174,1,,,,6,1,,,,0,1,,,,0,4,,,,14,3,,,,0,6,,,,0,8,,,,320,80,,,,0,2,,,,0,2,,,,9,1,,,,0,7,,,,58,2,,,,0,3,,,,678317,966,120,120
801422,15,12/21/20,14:27:50,R7,90-100 cm,Geochem(3-Beam),model1,15,No,,,PPM,,,,24692,1204,,,,29460,212,,,,105941,236,,,,0,50,,,,4647,22,,,,10432,26,,,,110681,201,,,,1941,46,,,,126,15,,,,0,13,,,,237,6,,,,23757,56,,,,29,8,,,,25,2,,,,15,1,,,,47,1,,,,13,0,,,,0,0,,,,70,1,,,,2587,5,,,,10,1,,,,140,1,,,,6,1,,,,0,1,,,,0,4,,,,10,3,,,,0,6,,,,0,8,,,,376,80,,,,5,1,,,,0,2,,,,11,1,,,,0,6,,,,37,2,,,,0,2,,,,688836,966,120,120
801422,16,12/21/20,14:32:33,R8,0-10 cm,Geochem(3-Beam),model1,16,No,,,PPM,,,,19458,1059,,,,36442,215,,,,152808,289,,,,0,41,,,,0,51,,,,12670,28,,,,67356,112,,,,2758,44,,,,49,13,,,,59,8,,,,323,6,,,,24464,52,,,,29,7,,,,24,2,,,,16,1,,,,55,1,,,,9,0,,,,0,0,,,,70,0,,,,642,2,,,,18,0,,,,254,1,,,,8,0,,,,0,1,,,,0,4,,,,0,4,,,,0,6,,,,0,7,,,,345,71,,,,6,1,,,,0,2,,,,15,1,,,,0,5,,,,11,1,,,,0,2,,,,686382,855,120,120
801422,17,12/21/20,14:37:23,R8,10-20 cm,Geochem(3-Beam),model1,17,No,,,PPM,,,,22993,1104,,,,30175,204,,,,131650,263,,,,88,17,,,,1064,15,,,,11432,26,,,,88430,150,,,,2138,44,,,,0,19,,,,48,8,,,,263,6,,,,22594,50,,,,25,7,,,,24,2,,,,13,1,,,,47,1,,,,10,0,,,,0,0,,,,66,0,,,,970,2,,,,13,0,,,,201,1,,,,7,0,,,,0,1,,,,0,4,,,,7,2,,,,0,6,,,,0,7,,,,508,74,,,,6,1,,,,0,2,,,,11,1,,,,0,5,,,,12,1,,,,0,2,,,,691144,891,120,120
801422,18,12/21/20,14:42:11,R8,20-30 cm,Geochem(3-Beam),model1,18,No,,,PPM,,,,29106,1131,,,,28174,200,,,,116657,241,,,,83,17,,,,5325,22,,,,11192,26,,,,104167,178,,,,1860,45,,,,61,14,,,,48,8,,,,237,6,,,,21442,49,,,,39,7,,,,23,2,,,,16,1,,,,43,1,,,,14,0,,,,0,0,,,,62,0,,,,1532,3,,,,13,0,,,,168,1,,,,6,1,,,,0,1,,,,0,4,,,,10,2,,,,0,6,,,,0,8,,,,679,77,,,,6,1,,,,0,2,,,,10,1,,,,0,5,,,,21,1,,,,0,2,,,,682745,907,120,120
801422,19,12/21/20,14:47:22,R8,30-40 cm,Geochem(3-Beam),model1,19,No,,,PPM,,,,34553,1187,,,,25469,198,,,,104238,230,,,,95,18,,,,7422,26,,,,10374,25,,,,106479,192,,,,1767,45,,,,94,14,,,,0,12,,,,228,6,,,,20852,50,,,,24,7,,,,18,2,,,,14,1,,,,44,1,,,,22,1,,,,0,0,,,,56,1,,,,5193,10,,,,9,1,,,,255,1,,,,5,1,,,,0,1,,,,0,4,,,,0,4,,,,0,6,,,,0,7,,,,0,288,,,,0,2,,,,0,2,,,,7,1,,,,0,7,,,,84,2,,,,0,3,,,,686328,957,120,120
801422,20,12/21/20,14:52:12,R8,40-50 cm,Geochem(3-Beam),model1,20,No,,,PPM,,,,38034,1253,,,,24151,201,,,,95392,223,,,,0,45,,,,8487,29,,,,9503,25,,,,101952,192,,,,1618,45,,,,132,14,,,,0,13,,,,250,6,,,,20643,51,,,,0,12,,,,17,2,,,,13,1,,,,41,1,,,,22,1,,,,0,0,,,,54,1,,,,4996,10,,,,10,1,,,,190,1,,,,5,1,,,,0,1,,,,0,4,,,,0,4,,,,0,6,,,,0,8,,,,0,287,,,,6,1,,,,0,2,,,,8,1,,,,0,7,,,,55,2,,,,0,3,,,,698011,1015,120,120
801422,21,12/21/20,14:57:07,R8,50-60 cm,Geochem(3-Beam),model1,21,No,,,PPM,,,,33855,1249,,,,22993,197,,,,90690,213,,,,0,51,,,,21348,53,,,,9458,25,,,,105610,198,,,,1641,45,,,,111,14,,,,0,13,,,,221,6,,,,20612,51,,,,28,7,,,,21,2,,,,11,1,,,,41,1,,,,22,1,,,,0,0,,,,53,1,,,,4801,10,,,,8,1,,,,181,1,,,,5,1,,,,0,1,,,,0,4,,,,9,3,,,,10,3,,,,0,8,,,,0,282,,,,5,1,,,,0,2,,,,7,1,,,,0,7,,,,63,2,,,,0,3,,,,691780,1003,120,120
801422,22,12/21/20,15:01:53,R8,60-70 cm,Geochem(3-Beam),model1,22,No,,,PPM,,,,30009,1213,,,,19917,184,,,,79413,186,,,,0,48,,,,44105,92,,,,8529,22,,,,115797,208,,,,1531,45,,,,58,14,,,,0,13,,,,203,6,,,,18952,46,,,,33,7,,,,20,2,,,,11,1,,,,39,1,,,,18,0,,,,0,0,,,,49,1,,,,3746,7,,,,7,0,,,,153,1,,,,4,1,,,,0,1,,,,0,4,,,,0,4,,,,0,6,,,,0,8,,,,0,282,,,,7,1,,,,0,2,,,,7,1,,,,0,7,,,,44,2,,,,5,1,,,,680640,963,120,120
801422,23,12/21/20,15:06:36,R8,70-80 cm,Geochem(3-Beam),model1,23,No,,,PPM,,,,30500,1220,,,,19689,184,,,,79422,186,,,,0,48,,,,45282,94,,,,8532,22,,,,112565,203,,,,1553,45,,,,72,14,,,,0,12,,,,201,6,,,,19725,48,,,,35,7,,,,21,2,,,,12,1,,,,40,1,,,,16,0,,,,0,0,,,,50,1,,,,2820,6,,,,7,0,,,,129,1,,,,3,1,,,,0,1,,,,0,4,,,,8,2,,,,10,3,,,,0,8,,,,0,280,,,,6,1,,,,0,2,,,,7,1,,,,0,6,,,,37,2,,,,9,1,,,,682682,967,120,120
801422,24,12/21/20,15:11:14,R8,80-90 cm,Geochem(3-Beam),model1,24,No,,,PPM,,,,35355,1214,,,,22990,193,,,,90269,206,,,,0,50,,,,22039,53,,,,9229,23,,,,98969,180,,,,1623,44,,,,94,14,,,,0,12,,,,226,6,,,,21805,51,,,,27,7,,,,20,2,,,,13,1,,,,43,1,,,,17,0,,,,0,0,,,,57,1,,,,2676,5,,,,8,0,,,,132,1,,,,4,1,,,,0,1,,,,0,4,,,,0,4,,,,0,6,,,,0,8,,,,236,75,,,,0,2,,,,0,2,,,,7,1,,,,0,6,,,,36,2,,,,12,1,,,,697906,980,120,120
801422,25,12/21/20,15:15:59,R8,90-100 cm,Geochem(3-Beam),model1,25,No,,,PPM,,,,32732,1267,,,,21880,195,,,,86032,205,,,,0,52,,,,26835,63,,,,8677,23,,,,102758,193,,,,1666,46,,,,70,14,,,,0,13,,,,234,6,,,,20958,51,,,,26,7,,,,20,2,,,,12,1,,,,44,1,,,,15,0,,,,0,0,,,,56,1,,,,2946,6,,,,7,0,,,,134,1,,,,4,1,,,,0,1,,,,0,4,,,,11,3,,,,0,6,,,,0,8,,,,0,288,,,,0,2,,,,0,2,,,,8,1,,,,0,6,,,,39,2,,,,10,1,,,,698472,1017,120,120
801422,30,12/21/20,15:41:17,R9,0-10 cm,Geochem(3-Beam),model1,30,No,,,PPM,,,,18627,1077,,,,38987,224,,,,148133,288,,,,83,16,,,,0,59,,,,12657,28,,,,50979,88,,,,2762,43,,,,46,13,,,,62,7,,,,410,6,,,,28448,59,,,,33,8,,,,25,2,,,,15,1,,,,65,1,,,,7,0,,,,0,0,,,,78,0,,,,385,1,,,,19,0,,,,218,1,,,,9,0,,,,0,1,,,,0,4,,,,0,4,,,,0,6,,,,0,7,,,,400,68,,,,4,1,,,,0,1,,,,16,1,,,,0,5,,,,5,1,,,,0,1,,,,702486,879,120,120
801422,31,12/21/20,15:46:29,R9,10-20 cm,Geochem(3-Beam),model1,31,No,,,PPM,,,,15940,1117,,,,34354,218,,,,129656,266,,,,91,17,,,,0,57,,,,11989,28,,,,70016,123,,,,2486,44,,,,54,13,,,,62,8,,,,348,6,,,,27340,59,,,,45,8,,,,28,2,,,,16,1,,,,54,1,,,,8,0,,,,0,0,,,,75,1,,,,536,1,,,,18,0,,,,194,1,,,,8,1,,,,0,1,,,,0,4,,,,0,4,,,,0,6,,,,0,7,,,,320,71,,,,5,1,,,,0,2,,,,14,1,,,,0,5,,,,8,1,,,,0,2,,,,711103,912,120,120
801422,32,12/21/20,15:51:09,R9,20-30 cm,Geochem(3-Beam),model1,32,No,,,PPM,,,,19406,1120,,,,33653,216,,,,126239,259,,,,108,17,,,,707,15,,,,12195,28,,,,80133,140,,,,2292,44,,,,0,19,,,,61,8,,,,323,6,,,,26881,58,,,,31,8,,,,27,2,,,,14,1,,,,51,1,,,,8,0,,,,0,0,,,,76,1,,,,670,2,,,,16,0,,,,159,1,,,,8,1,,,,0,1,,,,0,4,,,,0,4,,,,0,6,,,,0,8,,,,291,71,,,,8,1,,,,0,2,,,,14,1,,,,0,5,,,,10,1,,,,0,2,,,,701307,909,120,120
801422,33,12/21/20,15:56:03,R9,30-40 cm,Geochem(3-Beam),model1,33,No,,,PPM,,,,25596,1200,,,,30475,214,,,,109009,240,,,,86,18,,,,3585,20,,,,11371,27,,,,102018,184,,,,2139,45,,,,54,14,,,,50,8,,,,251,6,,,,24439,56,,,,0,13,,,,27,2,,,,14,1,,,,49,1,,,,9,0,,,,0,0,,,,68,1,,,,990,2,,,,13,0,,,,127,1,,,,6,1,,,,0,1,,,,0,4,,,,0,4,,,,0,6,,,,0,8,,,,254,75,,,,6,1,,,,0,2,,,,11,1,,,,0,5,,,,11,1,,,,0,2,,,,693603,964,120,120
801422,34,12/21/20,16:01:01,R9,40-50 cm,Geochem(3-Beam),model1,34,No,,,PPM,,,,28758,1231,,,,26880,207,,,,95412,219,,,,0,43,,,,4129,21,,,,10278,26,,,,122998,224,,,,1717,46,,,,74,14,,,,50,8,,,,232,6,,,,21793,53,,,,37,8,,,,26,2,,,,15,1,,,,45,1,,,,14,0,,,,0,0,,,,61,1,,,,1248,3,,,,11,0,,,,114,1,,,,5,1,,,,0,1,,,,0,4,,,,9,3,,,,0,6,,,,0,8,,,,297,78,,,,7,1,,,,0,2,,,,9,1,,,,0,6,,,,16,2,,,,0,2,,,,689567,985,120,120
801422,35,12/21/20,16:05:53,R9,50-60 cm,Geochem(3-Beam),model1,35,No,,,PPM,,,,26410,1216,,,,29343,212,,,,99959,226,,,,0,50,,,,5110,22,,,,10484,26,,,,119870,217,,,,1955,47,,,,74,15,,,,69,9,,,,215,6,,,,23017,55,,,,0,13,,,,23,2,,,,14,1,,,,45,1,,,,15,0,,,,0,0,,,,65,1,,,,1692,4,,,,11,0,,,,121,1,,,,6,1,,,,0,1,,,,0,4,,,,9,3,,,,10,3,,,,0,8,,,,508,81,,,,6,1,,,,0,2,,,,11,1,,,,0,6,,,,21,2,,,,0,2,,,,684957,972,120,120
801422,36,12/21/20,16:10:56,R9,60-70 cm,Geochem(3-Beam),model1,36,No,,,PPM,,,,27965,1189,,,,31929,216,,,,106678,235,,,,0,50,,,,5626,23,,,,11230,27,,,,104265,187,,,,2046,46,,,,119,14,,,,41,8,,,,288,6,,,,27190,61,,,,41,8,,,,28,2,,,,10,1,,,,48,1,,,,20,1,,,,0,0,,,,70,1,,,,1849,4,,,,12,0,,,,139,1,,,,5,1,,,,0,1,,,,0,4,,,,9,2,,,,0,6,,,,0,8,,,,271,77,,,,5,1,,,,0,2,,,,11,1,,,,0,6,,,,28,2,,,,0,2,,,,684811,954,120,120
801422,37,12/21/20,16:16:00,R9,70-80 cm,Geochem(3-Beam),model1,37,No,,,PPM,,,,25746,1174,,,,32100,215,,,,106965,233,,,,0,49,,,,5324,23,,,,11524,27,,,,108535,192,,,,2037,46,,,,111,14,,,,54,8,,,,271,6,,,,26834,60,,,,47,8,,,,27,2,,,,16,1,,,,49,1,,,,18,1,,,,0,0,,,,70,1,,,,1363,3,,,,14,0,,,,125,1,,,,6,1,,,,0,1,,,,0,4,,,,0,4,,,,0,6,,,,0,8,,,,356,77,,,,6,1,,,,0,2,,,,11,1,,,,0,6,,,,19,2,,,,5,1,,,,683045,940,120,120
801422,38,12/21/20,16:20:48,R9,80-90 cm,Geochem(3-Beam),model1,38,No,,,PPM,,,,28979,1174,,,,32327,215,,,,109482,237,,,,0,49,,,,6096,24,,,,11569,27,,,,105532,187,,,,2091,45,,,,138,14,,,,0,13,,,,253,6,,,,27742,62,,,,46,8,,,,22,2,,,,16,1,,,,49,1,,,,17,1,,,,0,0,,,,72,1,,,,2487,5,,,,13,1,,,,151,1,,,,6,1,,,,0,1,,,,0,4,,,,0,4,,,,0,6,,,,0,8,,,,329,76,,,,6,1,,,,0,2,,,,12,1,,,,0,6,,,,36,2,,,,4,1,,,,677346,939,120,120
801422,39,12/21/20,16:25:33,R9,90-100 cm,Geochem(3-Beam),model1,39,No,,,PPM,,,,21580,1176,,,,29657,209,,,,101567,224,,,,0,49,,,,8210,28,,,,10549,26,,,,120677,213,,,,1970,46,,,,124,14,,,,51,9,,,,215,6,,,,25463,58,,,,39,8,,,,22,2,,,,18,1,,,,49,1,,,,13,0,,,,0,0,,,,66,1,,,,1794,4,,,,12,0,,,,122,1,,,,4,1,,,,0,1,,,,0,4,,,,12,2,,,,0,6,,,,0,8,,,,375,77,,,,0,2,,,,0,2,,,,11,1,,,,0,6,,,,25,2,,,,8,1,,,,681808,939,120,120
801422,40,12/21/20,16:30:25,R10,0-10 cm,Geochem(3-Beam),model1,40,No,,,PPM,,,,17037,1036,,,,38771,218,,,,155867,291,,,,112,16,,,,0,55,,,,13124,28,,,,58533,97,,,,2698,43,,,,58,13,,,,62,7,,,,365,6,,,,26639,54,,,,40,7,,,,24,2,,,,17,1,,,,61,1,,,,7,0,,,,0,0,,,,75,0,,,,444,1,,,,20,0,,,,220,1,,,,9,0,,,,0,1,,,,0,4,,,,0,4,,,,0,6,,,,0,7,,,,330,68,,,,6,1,,,,0,1,,,,15,1,,,,0,5,,,,6,1,,,,0,1,,,,690104,841,120,120
801422,41,12/21/20,16:34:58,R10,10-20 cm,Geochem(3-Beam),model1,41,No,,,PPM,,,,16734,1079,,,,33843,212,,,,134679,265,,,,127,17,,,,0,49,,,,12246,27,,,,86253,145,,,,2281,44,,,,57,13,,,,50,8,,,,307,6,,,,25346,54,,,,52,8,,,,24,2,,,,14,1,,,,49,1,,,,8,0,,,,0,0,,,,72,1,,,,675,2,,,,16,0,,,,177,1,,,,8,1,,,,0,1,,,,0,4,,,,0,4,,,,0,6,,,,0,7,,,,300,71,,,,8,1,,,,0,2,,,,13,1,,,,0,5,,,,10,1,,,,0,2,,,,691068,872,120,120
801422,42,12/21/20,16:45:31,R10,20-30 cm,Geochem(3-Beam),model1,42,No,,,PPM,,,,18246,1093,,,,32480,209,,,,129940,259,,,,65,17,,,,280,14,,,,12255,27,,,,95408,161,,,,2331,45,,,,55,13,,,,47,8,,,,289,6,,,,24740,54,,,,24,8,,,,25,2,,,,13,1,,,,46,1,,,,9,0,,,,0,0,,,,71,1,,,,841,2,,,,15,0,,,,158,1,,,,8,1,,,,0,1,,,,0,4,,,,8,2,,,,0,6,,,,0,8,,,,312,73,,,,6,1,,,,0,2,,,,14,1,,,,0,5,,,,10,1,,,,0,2,,,,686619,880,120,120
801422,43,12/21/20,16:50:24,R10,30-40 cm,Geochem(3-Beam),model1,43,No,,,PPM,,,,23437,1149,,,,30777,210,,,,118106,248,,,,82,18,,,,1372,16,,,,11823,27,,,,104170,182,,,,2135,46,,,,47,14,,,,65,8,,,,271,6,,,,23466,53,,,,34,8,,,,24,2,,,,15,1,,,,47,1,,,,11,0,,,,0,0,,,,70,1,,,,1033,2,,,,13,0,,,,150,1,,,,6,1,,,,0,1,,,,0,4,,,,0,4,,,,0,6,,,,0,8,,,,545,76,,,,4,1,,,,0,2,,,,10,1,,,,0,5,,,,13,1,,,,0,2,,,,686368,922,120,120
801422,44,12/21/20,16:55:12,R10,40-50 cm,Geochem(3-Beam),model1,44,No,,,PPM,,,,26115,1178,,,,29474,210,,,,108929,236,,,,95,18,,,,4370,21,,,,11293,27,,,,106851,190,,,,1927,48,,,,79,15,,,,59,8,,,,299,7,,,,23540,54,,,,41,8,,,,27,2,,,,15,1,,,,48,1,,,,10,0,,,,0,0,,,,69,1,,,,1188,3,,,,12,0,,,,124,1,,,,6,1,,,,0,1,,,,0,4,,,,0,4,,,,0,6,,,,0,8,,,,1210,83,,,,6,1,,,,0,2,,,,12,1,,,,0,5,,,,15,1,,,,0,2,,,,688293,946,120,120
801422,45,12/21/20,17:00:09,R10,50-60 cm,Geochem(3-Beam),model1,45,No,,,PPM,,,,30634,1206,,,,28330,209,,,,102276,228,,,,68,18,,,,3232,19,,,,10898,26,,,,115241,207,,,,1744,47,,,,83,15,,,,43,8,,,,267,6,,,,23219,54,,,,0,13,,,,24,2,,,,19,1,,,,50,1,,,,12,0,,,,0,0,,,,66,1,,,,1419,3,,,,10,0,,,,118,1,,,,5,1,,,,0,1,,,,0,4,,,,10,2,,,,0,6,,,,0,8,,,,913,83,,,,6,1,,,,0,2,,,,11,1,,,,0,6,,,,20,2,,,,0,2,,,,685330,965,120,120
801422,46,12/21/20,17:05:01,R10,60-70 cm,Geochem(3-Beam),model1,46,No,,,PPM,,,,29049,1260,,,,27578,213,,,,99202,230,,,,0,45,,,,3085,19,,,,10730,27,,,,112073,209,,,,1812,47,,,,84,14,,,,58,9,,,,220,6,,,,23090,56,,,,42,8,,,,21,2,,,,14,1,,,,44,1,,,,15,0,,,,0,0,,,,65,1,,,,1469,3,,,,9,0,,,,112,1,,,,6,1,,,,0,1,,,,0,4,,,,10,3,,,,0,6,,,,0,8,,,,311,79,,,,8,1,,,,0,2,,,,10,1,,,,0,6,,,,18,2,,,,0,2,,,,694890,1012,120,120
801422,47,12/21/20,17:09:51,R10,70-80 cm,Geochem(3-Beam),model1,47,No,,,PPM,,,,32403,1184,,,,28936,208,,,,104343,228,,,,56,18,,,,4044,20,,,,11593,27,,,,116978,206,,,,1758,46,,,,89,14,,,,41,8,,,,245,6,,,,23706,54,,,,28,8,,,,21,2,,,,14,1,,,,48,1,,,,17,0,,,,0,0,,,,65,1,,,,1934,4,,,,9,0,,,,120,1,,,,5,1,,,,0,1,,,,0,4,,,,0,4,,,,10,3,,,,0,8,,,,652,79,,,,7,1,,,,0,2,,,,10,1,,,,0,6,,,,24,2,,,,0,2,,,,676977,945,120,120
801422,48,12/21/20,17:14:28,R10,80-90 cm,Geochem(3-Beam),model1,48,No,,,PPM,,,,34860,1205,,,,28262,208,,,,102479,228,,,,0,42,,,,3573,20,,,,11392,27,,,,111012,199,,,,1741,45,,,,94,14,,,,26,8,,,,253,6,,,,23334,54,,,,32,8,,,,23,2,,,,16,1,,,,46,1,,,,18,0,,,,0,0,,,,64,1,,,,2028,4,,,,9,0,,,,134,1,,,,6,1,,,,0,1,,,,0,4,,,,8,2,,,,0,6,,,,0,8,,,,238,77,,,,8,1,,,,0,2,,,,9,1,,,,0,6,,,,28,2,,,,3,1,,,,684368,967,120,120
801422,49,12/21/20,17:19:07,R10,90-100 cm,Geochem(3-Beam),model1,49,No,,,PPM,,,,33920,1202,,,,28413,208,,,,106571,235,,,,0,42,,,,4150,21,,,,11356,27,,,,106705,192,,,,1837,45,,,,99,14,,,,0,13,,,,229,6,,,,23018,54,,,,34,8,,,,21,2,,,,11,1,,,,47,1,,,,18,0,,,,0,0,,,,63,1,,,,3046,6,,,,10,0,,,,155,1,,,,6,1,,,,0,1,,,,0,4,,,,0,4,,,,0,6,,,,0,8,,,,0,280,,,,6,1,,,,0,2,,,,9,1,,,,0,6,,,,41,2,,,,0,2,,,,684238,964,120,120
801422,6,12/22/20,13:02:47,R11,0-10 cm,Geochem(3-Beam),model1,6,No,,,PPM,,,,16095,1053,,,,40333,224,,,,160856,300,,,,142,16,,,,0,56,,,,13696,29,,,,46174,78,,,,2813,42,,,,40,12,,,,73,7,,,,455,6,,,,28195,57,,,,35,7,,,,23,2,,,,19,1,,,,72,1,,,,7,0,,,,0,0,,,,78,0,,,,331,1,,,,20,0,,,,232,1,,,,10,0,,,,0,1,,,,0,3,,,,0,4,,,,0,5,,,,0,7,,,,441,66,,,,0,2,,,,0,1,,,,16,1,,,,0,5,,,,6,1,,,,0,1,,,,694757,852,120,120
801422,7,12/22/20,13:07:26,R11,10-20 cm,Geochem(3-Beam),model1,7,No,,,PPM,,,,19477,1088,,,,36710,218,,,,147753,285,,,,135,17,,,,0,51,,,,12692,28,,,,69280,117,,,,2658,43,,,,77,13,,,,52,8,,,,366,6,,,,26477,55,,,,32,8,,,,26,2,,,,13,1,,,,54,1,,,,7,0,,,,0,0,,,,74,0,,,,457,1,,,,20,0,,,,217,1,,,,8,0,,,,0,1,,,,0,4,,,,0,4,,,,0,6,,,,0,7,,,,327,67,,,,6,1,,,,0,2,,,,14,1,,,,0,5,,,,9,1,,,,0,1,,,,687673,874,120,120
801422,8,12/22/20,13:12:10,R11,20-30 cm,Geochem(3-Beam),model1,8,No,,,PPM,,,,16785,1067,,,,35430,213,,,,140430,271,,,,133,17,,,,0,50,,,,12347,27,,,,76357,127,,,,2487,43,,,,52,13,,,,61,8,,,,341,6,,,,26344,55,,,,35,8,,,,20,2,,,,13,1,,,,50,1,,,,8,0,,,,0,0,,,,74,0,,,,540,1,,,,18,0,,,,191,1,,,,8,0,,,,0,1,,,,0,4,,,,0,4,,,,0,6,,,,0,7,,,,314,69,,,,5,1,,,,0,2,,,,12,1,,,,0,5,,,,8,1,,,,0,2,,,,692530,863,120,120
801422,9,12/22/20,13:16:46,R11,30-40 cm,Geochem(3-Beam),model1,9,No,,,PPM,,,,17970,1089,,,,35120,215,,,,139805,275,,,,108,17,,,,0,51,,,,12637,28,,,,76679,130,,,,2540,44,,,,54,13,,,,67,8,,,,336,6,,,,26290,56,,,,37,8,,,,25,2,,,,16,1,,,,50,1,,,,8,0,,,,0,0,,,,75,1,,,,581,1,,,,17,0,,,,200,1,,,,8,0,,,,0,1,,,,0,4,,,,8,2,,,,0,6,,,,0,7,,,,271,71,,,,4,1,,,,0,2,,,,14,1,,,,0,5,,,,10,1,,,,0,2,,,,691658,879,120,120
801422,10,12/22/20,13:21:39,R11,40-50 cm,Geochem(3-Beam),model1,10,No,,,PPM,,,,19184,1070,,,,35262,214,,,,148544,286,,,,70,17,,,,0,54,,,,12828,28,,,,66535,112,,,,2519,44,,,,85,13,,,,47,8,,,,338,6,,,,25278,53,,,,39,7,,,,21,2,,,,12,1,,,,52,1,,,,6,0,,,,0,0,,,,74,0,,,,534,1,,,,17,0,,,,236,1,,,,8,0,,,,0,1,,,,0,4,,,,7,2,,,,0,6,,,,0,7,,,,216,69,,,,0,2,,,,0,2,,,,14,1,,,,0,5,,,,8,1,,,,0,2,,,,692474,867,120,120
801422,11,12/22/20,13:26:15,R11,50-60 cm,Geochem(3-Beam),model1,11,No,,,PPM,,,,16952,1122,,,,34627,219,,,,135992,277,,,,0,45,,,,724,16,,,,11989,28,,,,63224,112,,,,2625,44,,,,56,13,,,,67,8,,,,387,7,,,,25819,56,,,,26,8,,,,24,2,,,,16,1,,,,55,1,,,,8,0,,,,0,0,,,,74,1,,,,571,1,,,,18,0,,,,229,1,,,,9,1,,,,0,1,,,,0,4,,,,9,2,,,,0,6,,,,0,8,,,,220,70,,,,7,1,,,,0,2,,,,13,1,,,,0,5,,,,7,1,,,,0,2,,,,710758,916,120,120
801422,12,12/22/20,13:31:05,R11,60-70 cm,Geochem(3-Beam),model1,12,No,,,PPM,,,,23542,1071,,,,33185,208,,,,142506,274,,,,0,40,,,,6035,24,,,,12831,28,,,,78595,131,,,,2446,45,,,,51,13,,,,48,8,,,,314,6,,,,23978,51,,,,31,7,,,,24,2,,,,13,1,,,,50,1,,,,9,0,,,,0,0,,,,69,0,,,,781,2,,,,15,0,,,,209,1,,,,7,0,,,,0,1,,,,0,4,,,,0,4,,,,10,3,,,,0,7,,,,618,73,,,,0,2,,,,0,2,,,,12,1,,,,0,5,,,,11,1,,,,0,2,,,,678792,861,120,120
801422,13,12/22/20,13:35:38,R11,70-80 cm,Geochem(3-Beam),model1,13,No,,,PPM,,,,30694,1225,,,,27059,208,,,,101312,230,,,,64,18,,,,4819,22,,,,10640,26,,,,105357,193,,,,1848,46,,,,80,14,,,,56,8,,,,248,6,,,,23110,55,,,,26,8,,,,24,2,,,,15,1,,,,47,1,,,,14,0,,,,0,0,,,,64,1,,,,1330,3,,,,12,0,,,,125,1,,,,6,1,,,,0,1,,,,0,4,,,,0,5,,,,0,6,,,,0,8,,,,479,79,,,,6,1,,,,0,2,,,,10,1,,,,0,6,,,,13,2,,,,0,2,,,,696573,988,120,120
801422,14,12/22/20,13:40:33,R11,80-90 cm,Geochem(3-Beam),model1,14,No,,,PPM,,,,31110,1214,,,,27046,207,,,,100674,227,,,,0,43,,,,6278,25,,,,10905,27,,,,115848,210,,,,1842,46,,,,77,14,,,,32,8,,,,229,6,,,,22878,54,,,,39,8,,,,24,2,,,,14,1,,,,45,1,,,,16,0,,,,0,0,,,,62,1,,,,2356,5,,,,10,0,,,,139,1,,,,5,1,,,,0,1,,,,0,4,,,,0,4,,,,0,6,,,,0,8,,,,259,78,,,,0,2,,,,0,2,,,,9,1,,,,0,6,,,,29,2,,,,0,2,,,,684062,973,120,120
801422,15,12/22/20,13:46:15,R11,90-100 cm,Geochem(3-Beam),model1,15,No,,,PPM,,,,25131,1198,,,,28060,208,,,,101154,228,,,,0,43,,,,7247,26,,,,10357,26,,,,110618,202,,,,1930,46,,,,84,14,,,,0,13,,,,209,6,,,,23368,55,,,,24,8,,,,21,2,,,,12,1,,,,44,1,,,,16,1,,,,0,0,,,,62,1,,,,3794,8,,,,10,1,,,,173,1,,,,6,1,,,,0,1,,,,0,4,,,,16,3,,,,10,3,,,,0,8,,,,0,291,,,,0,2,,,,0,2,,,,10,1,,,,0,7,,,,51,2,,,,0,3,,,,691657,965,120,120
801422,16,12/22/20,13:50:45,R12,0-10 cm,Geochem(3-Beam),model1,16,No,,,PPM,,,,16452,1053,,,,33257,208,,,,139101,270,,,,114,17,,,,0,53,,,,11706,26,,,,72091,121,,,,2290,43,,,,50,13,,,,51,8,,,,315,6,,,,24010,51,,,,0,12,,,,25,2,,,,13,1,,,,51,1,,,,8,0,,,,0,0,,,,66,0,,,,621,1,,,,17,0,,,,230,1,,,,8,0,,,,0,1,,,,0,4,,,,0,4,,,,0,6,,,,0,7,,,,303,69,,,,7,1,,,,0,2,,,,13,1,,,,0,5,,,,8,1,,,,0,2,,,,703381,861,120,120
801422,17,12/22/20,13:55:09,R12,10-20 cm,Geochem(3-Beam),model1,17,No,,,PPM,,,,17829,1083,,,,31334,206,,,,129261,259,,,,118,17,,,,101,14,,,,10886,25,,,,82432,140,,,,2235,43,,,,53,13,,,,48,8,,,,274,6,,,,23642,52,,,,28,7,,,,22,2,,,,15,1,,,,46,1,,,,8,0,,,,0,0,,,,66,0,,,,733,2,,,,16,0,,,,225,1,,,,7,0,,,,0,1,,,,0,4,,,,0,4,,,,0,6,,,,0,7,,,,281,70,,,,5,1,,,,0,2,,,,11,1,,,,0,5,,,,8,1,,,,0,2,,,,704438,884,120,120
801422,18,12/22/20,14:47:14,R12,20-30 cm,Geochem(3-Beam),model1,18,No,,,PPM,,,,19467,1085,,,,31657,206,,,,132740,263,,,,120,17,,,,906,15,,,,11689,26,,,,88579,149,,,,2216,44,,,,0,19,,,,53,8,,,,260,6,,,,23967,52,,,,0,12,,,,20,2,,,,12,1,,,,46,1,,,,8,0,,,,0,0,,,,70,0,,,,762,2,,,,15,0,,,,205,1,,,,8,0,,,,0,1,,,,0,4,,,,0,4,,,,0,6,,,,0,7,,,,333,72,,,,7,1,,,,0,2,,,,11,1,,,,0,5,,,,10,1,,,,0,2,,,,691020,877,120,120
801422,19,12/22/20,14:51:55,R12,30-40 cm,Geochem(3-Beam),model1,19,No,,,PPM,,,,19639,1116,,,,32908,213,,,,126668,259,,,,63,17,,,,4204,21,,,,12172,28,,,,84117,146,,,,2350,46,,,,68,14,,,,62,8,,,,230,6,,,,25096,55,,,,33,8,,,,23,2,,,,16,1,,,,45,1,,,,9,0,,,,0,0,,,,72,1,,,,822,2,,,,15,0,,,,204,1,,,,8,1,,,,0,1,,,,0,4,,,,15,2,,,,0,6,,,,0,8,,,,443,75,,,,7,1,,,,0,2,,,,12,1,,,,0,5,,,,12,1,,,,0,2,,,,695066,903,120,120
801422,20,12/22/20,14:56:28,R12,40-50 cm,Geochem(3-Beam),model1,20,No,,,PPM,,,,16742,1065,,,,33362,209,,,,129134,254,,,,0,40,,,,10612,31,,,,13285,29,,,,87030,145,,,,2300,46,,,,55,14,,,,54,8,,,,286,6,,,,25374,54,,,,51,8,,,,27,2,,,,14,1,,,,48,1,,,,9,0,,,,0,0,,,,73,1,,,,907,2,,,,16,0,,,,189,1,,,,9,1,,,,0,1,,,,0,4,,,,11,2,,,,0,6,,,,0,7,,,,741,77,,,,6,1,,,,0,2,,,,12,1,,,,0,5,,,,14,1,,,,0,2,,,,684065,859,120,120
801422,21,12/22/20,15:01:06,R12,50-60 cm,Geochem(3-Beam),model1,21,No,,,PPM,,,,22046,1134,,,,29474,205,,,,107736,229,,,,0,48,,,,7156,25,,,,11558,27,,,,111925,194,,,,1928,46,,,,0,20,,,,51,8,,,,247,6,,,,23742,54,,,,27,8,,,,24,2,,,,13,1,,,,44,1,,,,10,0,,,,0,0,,,,65,1,,,,1329,3,,,,11,0,,,,158,1,,,,6,1,,,,0,1,,,,0,4,,,,0,4,,,,0,6,,,,0,8,,,,601,79,,,,7,1,,,,0,2,,,,11,1,,,,0,6,,,,18,2,,,,0,2,,,,685954,912,120,120
801422,22,12/22/20,15:06:37,R12,60-70 cm,Geochem(3-Beam),model1,22,No,,,PPM,,,,24029,1190,,,,23068,194,,,,87420,200,,,,0,49,,,,8451,28,,,,9628,24,,,,134613,240,,,,1608,48,,,,79,15,,,,40,9,,,,203,6,,,,20495,50,,,,32,7,,,,20,2,,,,14,1,,,,43,1,,,,13,0,,,,0,0,,,,55,0,,,,1508,3,,,,9,0,,,,123,1,,,,6,1,,,,0,1,,,,0,4,,,,11,2,,,,0,6,,,,0,8,,,,1068,86,,,,7,1,,,,0,2,,,,9,1,,,,0,6,,,,19,2,,,,0,2,,,,691004,956,120,120
801422,23,12/22/20,15:11:16,R12,70-80 cm,Geochem(3-Beam),model1,23,No,,,PPM,,,,37477,1243,,,,22436,196,,,,86161,204,,,,0,44,,,,8581,29,,,,9295,24,,,,111294,206,,,,1647,45,,,,63,14,,,,0,12,,,,205,6,,,,20527,50,,,,41,7,,,,19,2,,,,13,1,,,,43,1,,,,18,0,,,,0,0,,,,54,1,,,,1982,4,,,,7,0,,,,138,1,,,,4,1,,,,0,1,,,,0,4,,,,9,2,,,,0,6,,,,0,8,,,,466,78,,,,5,1,,,,0,2,,,,8,1,,,,0,6,,,,29,2,,,,0,2,,,,703049,1009,120,120
801422,24,12/22/20,15:15:51,R12,80-90 cm,Geochem(3-Beam),model1,24,No,,,PPM,,,,40974,1181,,,,24326,194,,,,94986,213,,,,0,49,,,,9012,29,,,,10364,25,,,,113409,203,,,,1581,44,,,,88,14,,,,0,12,,,,201,6,,,,20990,50,,,,24,7,,,,18,2,,,,11,1,,,,43,1,,,,22,1,,,,0,0,,,,53,1,,,,5296,10,,,,7,1,,,,198,1,,,,3,1,,,,0,1,,,,0,4,,,,8,3,,,,0,6,,,,0,7,,,,0,280,,,,0,2,,,,0,2,,,,6,1,,,,0,7,,,,72,2,,,,0,3,,,,681961,954,120,120
801422,25,12/22/20,15:20:26,R12,90-100 cm,Geochem(3-Beam),model1,25,No,,,PPM,,,,43155,1195,,,,25158,197,,,,99601,222,,,,0,41,,,,7282,26,,,,10306,25,,,,111902,201,,,,1588,45,,,,76,14,,,,0,12,,,,225,6,,,,21362,51,,,,0,12,,,,19,2,,,,13,1,,,,44,1,,,,20,1,,,,0,0,,,,54,1,,,,4648,9,,,,8,1,,,,136,1,,,,4,1,,,,0,1,,,,0,4,,,,0,4,,,,0,6,,,,0,8,,,,320,78,,,,4,1,,,,0,2,,,,7,1,,,,0,7,,,,37,2,,,,0,3,,,,677749,962,120,120
801422,30,12/22/20,17:41:39,R13,0-10 cm,Geochem(3-Beam),model1,30,No,,,PPM,,,,17689,1041,,,,36897,215,,,,160473,298,,,,115,16,,,,0,54,,,,12936,28,,,,60210,100,,,,2715,43,,,,48,13,,,,61,8,,,,331,6,,,,24082,50,,,,0,12,,,,19,2,,,,13,1,,,,60,1,,,,7,0,,,,0,0,,,,69,0,,,,495,1,,,,17,0,,,,267,1,,,,9,0,,,,0,1,,,,0,4,,,,0,4,,,,0,6,,,,0,7,,,,450,69,,,,0,2,,,,0,1,,,,13,1,,,,0,5,,,,6,1,,,,0,1,,,,687220,842,120,120
801422,31,12/22/20,17:46:12,R13,10-20 cm,Geochem(3-Beam),model1,31,No,,,PPM,,,,17981,1062,,,,33028,208,,,,142880,275,,,,117,17,,,,0,52,,,,12111,27,,,,73332,122,,,,2360,43,,,,0,19,,,,51,8,,,,323,6,,,,23744,51,,,,27,7,,,,17,2,,,,16,1,,,,54,1,,,,8,0,,,,0,0,,,,68,0,,,,620,1,,,,15,0,,,,236,1,,,,7,0,,,,0,1,,,,0,4,,,,0,4,,,,0,6,,,,0,7,,,,418,70,,,,5,1,,,,0,2,,,,12,1,,,,0,5,,,,11,1,,,,0,2,,,,696702,862,120,120
801422,32,12/22/20,17:50:55,R13,20-30 cm,Geochem(3-Beam),model1,32,No,,,PPM,,,,20857,1078,,,,32380,207,,,,136830,269,,,,122,17,,,,0,52,,,,11298,26,,,,75923,128,,,,2286,43,,,,45,13,,,,47,8,,,,340,6,,,,23913,51,,,,40,7,,,,17,2,,,,16,1,,,,51,1,,,,9,0,,,,0,0,,,,66,0,,,,708,2,,,,15,0,,,,202,1,,,,8,0,,,,0,1,,,,0,4,,,,0,4,,,,0,6,,,,0,7,,,,422,71,,,,0,2,,,,0,2,,,,10,1,,,,0,5,,,,9,1,,,,2,1,,,,698554,876,120,120
801422,33,12/22/20,17:55:50,R13,30-40 cm,Geochem(3-Beam),model1,33,No,,,PPM,,,,21192,1082,,,,32420,208,,,,138509,272,,,,127,17,,,,123,14,,,,11523,26,,,,80155,135,,,,2257,43,,,,54,13,,,,50,8,,,,310,6,,,,23869,52,,,,27,7,,,,23,2,,,,11,1,,,,49,1,,,,8,0,,,,0,0,,,,68,0,,,,800,2,,,,16,0,,,,221,1,,,,8,0,,,,0,1,,,,0,4,,,,0,4,,,,0,6,,,,0,7,,,,441,71,,,,6,1,,,,0,2,,,,12,1,,,,0,5,,,,9,1,,,,2,1,,,,691874,876,120,120
801422,34,12/22/20,18:00:26,R13,40-50 cm,Geochem(3-Beam),model1,34,No,,,PPM,,,,22104,1105,,,,30644,206,,,,131612,265,,,,95,17,,,,736,15,,,,10658,25,,,,85826,147,,,,2291,45,,,,54,14,,,,68,8,,,,271,6,,,,22187,50,,,,35,7,,,,26,2,,,,10,1,,,,42,1,,,,10,0,,,,0,0,,,,65,0,,,,969,2,,,,14,0,,,,213,1,,,,7,1,,,,0,1,,,,0,4,,,,0,4,,,,0,6,,,,0,8,,,,445,75,,,,0,2,,,,0,2,,,,10,1,,,,0,5,,,,10,1,,,,0,2,,,,695473,896,120,120
801422,35,12/22/20,18:05:23,R13,50-60 cm,Geochem(3-Beam),model1,35,No,,,PPM,,,,23644,1095,,,,29699,202,,,,130065,260,,,,0,41,,,,3003,19,,,,10866,25,,,,88050,149,,,,2138,44,,,,53,13,,,,52,8,,,,293,6,,,,21293,48,,,,37,7,,,,25,2,,,,11,1,,,,42,1,,,,10,0,,,,0,0,,,,62,0,,,,1047,2,,,,13,0,,,,230,1,,,,5,0,,,,0,1,,,,0,4,,,,0,4,,,,0,6,,,,0,8,,,,336,73,,,,5,1,,,,0,2,,,,10,1,,,,0,5,,,,13,1,,,,0,2,,,,692713,887,120,120
801422,36,12/22/20,18:10:11,R13,60-70 cm,Geochem(3-Beam),model1,36,No,,,PPM,,,,23484,1047,,,,31319,201,,,,147557,278,,,,82,16,,,,4260,21,,,,11910,26,,,,75094,123,,,,2274,43,,,,0,18,,,,40,7,,,,285,6,,,,20298,44,,,,33,7,,,,21,2,,,,11,1,,,,43,1,,,,10,0,,,,0,0,,,,62,0,,,,901,2,,,,15,0,,,,268,1,,,,6,0,,,,0,1,,,,0,4,,,,0,4,,,,0,6,,,,0,7,,,,246,70,,,,0,2,,,,0,2,,,,11,1,,,,0,5,,,,11,1,,,,0,2,,,,685298,847,120,120
801422,37,12/22/20,18:14:47,R13,70-80 cm,Geochem(3-Beam),model1,37,No,,,PPM,,,,27149,1059,,,,37430,217,,,,151927,288,,,,133,16,,,,4940,23,,,,13844,30,,,,50493,86,,,,2669,43,,,,65,13,,,,52,7,,,,405,6,,,,27823,57,,,,47,8,,,,24,2,,,,16,1,,,,72,1,,,,10,0,,,,0,0,,,,79,1,,,,620,1,,,,17,0,,,,237,1,,,,9,0,,,,0,1,,,,0,4,,,,0,4,,,,0,6,,,,0,7,,,,0,260,,,,5,1,,,,0,1,,,,14,1,,,,0,5,,,,10,1,,,,2,1,,,,686756,858,120,120
801422,38,12/22/20,18:19:26,R13,80-90 cm,Geochem(3-Beam),model1,38,No,,,PPM,,,,21781,1084,,,,35551,217,,,,138582,274,,,,133,17,,,,5711,25,,,,12875,29,,,,60863,105,,,,2605,44,,,,55,13,,,,82,8,,,,332,6,,,,26376,56,,,,41,8,,,,24,2,,,,16,1,,,,56,1,,,,10,0,,,,0,0,,,,77,1,,,,753,2,,,,18,0,,,,253,1,,,,9,0,,,,0,1,,,,0,4,,,,7,2,,,,0,6,,,,0,7,,,,0,266,,,,4,1,,,,0,2,,,,12,1,,,,0,5,,,,11,1,,,,0,2,,,,698367,882,120,120
801422,39,12/22/20,18:24:06,R13,90-100 cm,Geochem(3-Beam),model1,39,No,,,PPM,,,,18908,1056,,,,36271,216,,,,147927,284,,,,77,17,,,,6235,25,,,,14101,30,,,,64350,109,,,,2596,44,,,,79,13,,,,49,8,,,,360,6,,,,26348,55,,,,52,8,,,,25,2,,,,17,1,,,,53,1,,,,9,0,,,,0,0,,,,77,1,,,,812,2,,,,18,0,,,,237,1,,,,10,1,,,,0,1,,,,0,4,,,,0,4,,,,0,6,,,,0,7,,,,402,71,,,,0,2,,,,0,2,,,,13,1,,,,0,5,,,,11,1,,,,0,2,,,,685556,856,120,120